<created_at>Mon Apr 10 02:06:00 +0000 2017</created_at><id>851254909538156500</id><id_str>851254909538156544</id_str><text>Bring your game face to Alumni Weekend 2017, it's time for RRAA Field Day! This year we will be keeping score,... https://t.co/2zIBgSq13F</text><truncated>false</truncated><entities><hashtags/><symbols/><user_mentions/><urls><url>https://t.co/2zIBgSq13F</url><expanded_url>http://fb.me/8y8HxC4pT</expanded_url><display_url>fb.me/8y8HxC4pT</display_url><indices>114137</indices></urls></entities><metadata><iso_language_code>en</iso_language_code><result_type>recent</result_type></metadata><source>&lt;a href=&quot;http://www.facebook.com/twitter&quot; rel=&quot;nofollow&quot;&gt;Facebook&lt;/a&gt;</source><in_reply_to_status_id/><in_reply_to_status_id_str/><in_reply_to_user_id/><in_reply_to_user_id_str/><in_reply_to_screen_name/><user><id>1340680838</id><id_str>1340680838</id_str><name>RPI Rugby Alumni</name><screen_name>RPI_RugbyAlumni</screen_name><location>Troy, NY</location><description>Official Twitter account of the RPI Rugby Alumni Association (RRAA).</description><url>https://t.co/fFhgyPHoAj</url><entities><url><urls><url>https://t.co/fFhgyPHoAj</url><expanded_url>http://www.rpirugbyalumniassociation.org</expanded_url><display_url>rpirugbyalumniassociation.org</display_url><indices>023</indices></urls></url><description><urls/></description></entities><protected>false</protected><followers_count>88</followers_count><friends_count>285</friends_count><listed_count>2</listed_count><created_at>Wed Apr 10 01:09:09 +0000 2013</created_at><favourites_count>38</favourites_count><utc_offset/><time_zone/><geo_enabled>false</geo_enabled><verified>false</verified><statuses_count>327</statuses_count><lang>en</lang><contributors_enabled>false</contributors_enabled><is_translator>false</is_translator><is_translation_enabled>false</is_translation_enabled><profile_background_color>1F1A1B</profile_background_color><profile_background_image_url>http://abs.twimg.com/images/themes/theme9/bg.gif</profile_background_image_url><profile_background_image_url_https>https://abs.twimg.com/images/themes/theme9/bg.gif</profile_background_image_url_https><profile_background_tile>false</profile_background_tile><profile_image_url>http://pbs.twimg.com/profile_images/3500360772/ae20a76f715de138439a78e7816c6789_normal.jpeg</profile_image_url><profile_image_url_https>https://pbs.twimg.com/profile_images/3500360772/ae20a76f715de138439a78e7816c6789_normal.jpeg</profile_image_url_https><profile_banner_url>https://pbs.twimg.com/profile_banners/1340680838/1424099882</profile_banner_url><profile_link_color>2FC2EF</profile_link_color><profile_sidebar_border_color>FFFFFF</profile_sidebar_border_color><profile_sidebar_fill_color>DDEEF6</profile_sidebar_fill_color><profile_text_color>333333</profile_text_color><profile_use_background_image>true</profile_use_background_image><has_extended_profile>false</has_extended_profile><default_profile>false</default_profile><default_profile_image>false</default_profile_image><following>false</following><follow_request_sent>false</follow_request_sent><notifications>false</notifications><translator_type>none</translator_type></user><geo/><coordinates/><place/><contributors/><is_quote_status>false</is_quote_status><retweet_count>1</retweet_count><favorite_count>2</favorite_count><favorited>false</favorited><retweeted>false</retweeted><possibly_sensitive>false</possibly_sensitive><lang>en</lang><created_at>Mon Apr 10 02:05:53 +0000 2017</created_at><id>851254878852837400</id><id_str>851254878852837376</id_str><text>ALUMNI WEEKEND 2017  REGISTER TODAY FOR ALUMNI WEEKEND... https://t.co/yQ6LZTENRq</text><truncated>false</truncated><entities><hashtags/><symbols/><user_mentions/><urls><url>https://t.co/yQ6LZTENRq</url><expanded_url>http://fb.me/62xWs6qbv</expanded_url><display_url>fb.me/62xWs6qbv</display_url><indices>5881</indices></urls></entities><metadata><iso_language_code>en</iso_language_code><result_type>recent</result_type></metadata><source>&lt;a href=&quot;http://www.facebook.com/twitter&quot; rel=&quot;nofollow&quot;&gt;Facebook&lt;/a&gt;</source><in_reply_to_status_id/><in_reply_to_status_id_str/><in_reply_to_user_id/><in_reply_to_user_id_str/><in_reply_to_screen_name/><user><id>1340680838</id><id_str>1340680838</id_str><name>RPI Rugby Alumni</name><screen_name>RPI_RugbyAlumni</screen_name><location>Troy, NY</location><description>Official Twitter account of the RPI Rugby Alumni Association (RRAA).</description><url>https://t.co/fFhgyPHoAj</url><entities><url><urls><url>https://t.co/fFhgyPHoAj</url><expanded_url>http://www.rpirugbyalumniassociation.org</expanded_url><display_url>rpirugbyalumniassociation.org</display_url><indices>023</indices></urls></url><description><urls/></description></entities><protected>false</protected><followers_count>88</followers_count><friends_count>285</friends_count><listed_count>2</listed_count><created_at>Wed Apr 10 01:09:09 +0000 2013</created_at><favourites_count>38</favourites_count><utc_offset/><time_zone/><geo_enabled>false</geo_enabled><verified>false</verified><statuses_count>327</statuses_count><lang>en</lang><contributors_enabled>false</contributors_enabled><is_translator>false</is_translator><is_translation_enabled>false</is_translation_enabled><profile_background_color>1F1A1B</profile_background_color><profile_background_image_url>http://abs.twimg.com/images/themes/theme9/bg.gif</profile_background_image_url><profile_background_image_url_https>https://abs.twimg.com/images/themes/theme9/bg.gif</profile_background_image_url_https><profile_background_tile>false</profile_background_tile><profile_image_url>http://pbs.twimg.com/profile_images/3500360772/ae20a76f715de138439a78e7816c6789_normal.jpeg</profile_image_url><profile_image_url_https>https://pbs.twimg.com/profile_images/3500360772/ae20a76f715de138439a78e7816c6789_normal.jpeg</profile_image_url_https><profile_banner_url>https://pbs.twimg.com/profile_banners/1340680838/1424099882</profile_banner_url><profile_link_color>2FC2EF</profile_link_color><profile_sidebar_border_color>FFFFFF</profile_sidebar_border_color><profile_sidebar_fill_color>DDEEF6</profile_sidebar_fill_color><profile_text_color>333333</profile_text_color><profile_use_background_image>true</profile_use_background_image><has_extended_profile>false</has_extended_profile><default_profile>false</default_profile><default_profile_image>false</default_profile_image><following>false</following><follow_request_sent>false</follow_request_sent><notifications>false</notifications><translator_type>none</translator_type></user><geo/><coordinates/><place/><contributors/><is_quote_status>false</is_quote_status><retweet_count>0</retweet_count><favorite_count>0</favorite_count><favorited>false</favorited><retweeted>false</retweeted><possibly_sensitive>false</possibly_sensitive><lang>en</lang><created_at>Mon Apr 10 02:05:39 +0000 2017</created_at><id>851254818903601200</id><id_str>851254818903601153</id_str><text>ALUMNI WEEKEND 2017  https://t.co/BFp062RXyx</text><truncated>false</truncated><entities><hashtags/><symbols/><user_mentions/><urls><url>https://t.co/BFp062RXyx</url><expanded_url>http://www.rpirugbyalumniassociation.com/store/alumni-weekend-2017</expanded_url><display_url>rpirugbyalumniassociation.com/store/alumni-w…</display_url><indices>2144</indices></urls></entities><metadata><iso_language_code>en</iso_language_code><result_type>recent</result_type></metadata><source>&lt;a href=&quot;http://www.squarespace.com&quot; rel=&quot;nofollow&quot;&gt;Squarespace&lt;/a&gt;</source><in_reply_to_status_id/><in_reply_to_status_id_str/><in_reply_to_user_id/><in_reply_to_user_id_str/><in_reply_to_screen_name/><user><id>1340680838</id><id_str>1340680838</id_str><name>RPI Rugby Alumni</name><screen_name>RPI_RugbyAlumni</screen_name><location>Troy, NY</location><description>Official Twitter account of the RPI Rugby Alumni Association (RRAA).</description><url>https://t.co/fFhgyPHoAj</url><entities><url><urls><url>https://t.co/fFhgyPHoAj</url><expanded_url>http://www.rpirugbyalumniassociation.org</expanded_url><display_url>rpirugbyalumniassociation.org</display_url><indices>023</indices></urls></url><description><urls/></description></entities><protected>false</protected><followers_count>88</followers_count><friends_count>285</friends_count><listed_count>2</listed_count><created_at>Wed Apr 10 01:09:09 +0000 2013</created_at><favourites_count>38</favourites_count><utc_offset/><time_zone/><geo_enabled>false</geo_enabled><verified>false</verified><statuses_count>327</statuses_count><lang>en</lang><contributors_enabled>false</contributors_enabled><is_translator>false</is_translator><is_translation_enabled>false</is_translation_enabled><profile_background_color>1F1A1B</profile_background_color><profile_background_image_url>http://abs.twimg.com/images/themes/theme9/bg.gif</profile_background_image_url><profile_background_image_url_https>https://abs.twimg.com/images/themes/theme9/bg.gif</profile_background_image_url_https><profile_background_tile>false</profile_background_tile><profile_image_url>http://pbs.twimg.com/profile_images/3500360772/ae20a76f715de138439a78e7816c6789_normal.jpeg</profile_image_url><profile_image_url_https>https://pbs.twimg.com/profile_images/3500360772/ae20a76f715de138439a78e7816c6789_normal.jpeg</profile_image_url_https><profile_banner_url>https://pbs.twimg.com/profile_banners/1340680838/1424099882</profile_banner_url><profile_link_color>2FC2EF</profile_link_color><profile_sidebar_border_color>FFFFFF</profile_sidebar_border_color><profile_sidebar_fill_color>DDEEF6</profile_sidebar_fill_color><profile_text_color>333333</profile_text_color><profile_use_background_image>true</profile_use_background_image><has_extended_profile>false</has_extended_profile><default_profile>false</default_profile><default_profile_image>false</default_profile_image><following>false</following><follow_request_sent>false</follow_request_sent><notifications>false</notifications><translator_type>none</translator_type></user><geo/><coordinates/><place/><contributors/><is_quote_status>false</is_quote_status><retweet_count>0</retweet_count><favorite_count>0</favorite_count><favorited>false</favorited><retweeted>false</retweeted><possibly_sensitive>false</possibly_sensitive><lang>en</lang><created_at>Mon Apr 10 01:12:01 +0000 2017</created_at><id>851241323097096200</id><id_str>851241323097096196</id_str><text>Our #FakeNews data sets are online for everyone to use: https://t.co/Dc0ZUK94o7 Paper Link here: https://t.co/gnsqsf648T  #ICWSM2017 #Data</text><truncated>false</truncated><entities><hashtags><text>FakeNews</text><indices>413</indices><text>ICWSM2017</text><indices>122132</indices><text>Data</text><indices>133138</indices></hashtags><symbols/><user_mentions/><urls><url>https://t.co/Dc0ZUK94o7</url><expanded_url>http://bit.ly/2onL16R</expanded_url><display_url>bit.ly/2onL16R</display_url><indices>5679</indices><url>https://t.co/gnsqsf648T</url><expanded_url>http://bit.ly/2ogdUl9</expanded_url><display_url>bit.ly/2ogdUl9</display_url><indices>97120</indices></urls></entities><metadata><iso_language_code>en</iso_language_code><result_type>recent</result_type></metadata><source>&lt;a href=&quot;http://twitter.com&quot; rel=&quot;nofollow&quot;&gt;Twitter Web Client&lt;/a&gt;</source><in_reply_to_status_id/><in_reply_to_status_id_str/><in_reply_to_user_id/><in_reply_to_user_id_str/><in_reply_to_screen_name/><user><id>303553181</id><id_str>303553181</id_str><name>Benjamin D.  Horne</name><screen_name>benjamindhorne</screen_name><location>Troy NY</location><description>Computational Social Scientist @RPI PhD Student in Computer Science @csatrpi</description><url>https://t.co/RZvmKzOyqt</url><entities><url><urls><url>https://t.co/RZvmKzOyqt</url><expanded_url>http://homepages.rpi.edu/~horneb/</expanded_url><display_url>homepages.rpi.edu/~horneb/</display_url><indices>023</indices></urls></url><description><urls/></description></entities><protected>false</protected><followers_count>72</followers_count><friends_count>158</friends_count><listed_count>1</listed_count><created_at>Mon May 23 02:29:12 +0000 2011</created_at><favourites_count>41</favourites_count><utc_offset>-14400</utc_offset><time_zone>Eastern Time (US &amp; Canada)</time_zone><geo_enabled>true</geo_enabled><verified>false</verified><statuses_count>211</statuses_count><lang>en</lang><contributors_enabled>false</contributors_enabled><is_translator>false</is_translator><is_translation_enabled>false</is_translation_enabled><profile_background_color>000000</profile_background_color><profile_background_image_url>http://abs.twimg.com/images/themes/theme9/bg.gif</profile_background_image_url><profile_background_image_url_https>https://abs.twimg.com/images/themes/theme9/bg.gif</profile_background_image_url_https><profile_background_tile>false</profile_background_tile><profile_image_url>http://pbs.twimg.com/profile_images/839604884198547456/T47C5mmH_normal.jpg</profile_image_url><profile_image_url_https>https://pbs.twimg.com/profile_images/839604884198547456/T47C5mmH_normal.jpg</profile_image_url_https><profile_banner_url>https://pbs.twimg.com/profile_banners/303553181/1490743246</profile_banner_url><profile_link_color>1B95E0</profile_link_color><profile_sidebar_border_color>000000</profile_sidebar_border_color><profile_sidebar_fill_color>000000</profile_sidebar_fill_color><profile_text_color>000000</profile_text_color><profile_use_background_image>false</profile_use_background_image><has_extended_profile>false</has_extended_profile><default_profile>false</default_profile><default_profile_image>false</default_profile_image><following>false</following><follow_request_sent>false</follow_request_sent><notifications>false</notifications><translator_type>none</translator_type></user><geo/><coordinates/><place/><contributors/><is_quote_status>false</is_quote_status><retweet_count>0</retweet_count><favorite_count>0</favorite_count><favorited>false</favorited><retweeted>false</retweeted><possibly_sensitive>false</possibly_sensitive><lang>en</lang><created_at>Mon Apr 10 00:57:50 +0000 2017</created_at><id>851237753710891000</id><id_str>851237753710891009</id_str><text>RT @RPI_Softball: Final Game 2: RPI-8 SLU-0 (6). J Cleasby with the CG shut out. @AllieHunt10 hit her first career HR. Great sweep today !!</text><truncated>false</truncated><entities><hashtags/><symbols/><user_mentions><screen_name>RPI_Softball</screen_name><name>RPI Softball</name><id>2397645670</id><id_str>2397645670</id_str><indices>316</indices><screen_name>AllieHunt10</screen_name><name>Allison Hunt</name><id>709573560</id><id_str>709573560</id_str><indices>8193</indices></user_mentions><urls/></entities><metadata><iso_language_code>en</iso_language_code><result_type>recent</result_type></metadata><source>&lt;a href=&quot;http://twitter.com&quot; rel=&quot;nofollow&quot;&gt;Twitter Web Client&lt;/a&gt;</source><in_reply_to_status_id/><in_reply_to_status_id_str/><in_reply_to_user_id/><in_reply_to_user_id_str/><in_reply_to_screen_name/><user><id>770454653045764100</id><id_str>770454653045764096</id_str><name>Nicholas Elliott</name><screen_name>NichElliott92</screen_name><location/><description/><url/><entities><description><urls/></description></entities><protected>false</protected><followers_count>14</followers_count><friends_count>171</friends_count><listed_count>0</listed_count><created_at>Tue Aug 30 02:54:38 +0000 2016</created_at><favourites_count>64</favourites_count><utc_offset>-25200</utc_offset><time_zone>Pacific Time (US &amp; Canada)</time_zone><geo_enabled>false</geo_enabled><verified>false</verified><statuses_count>22</statuses_count><lang>en</lang><contributors_enabled>false</contributors_enabled><is_translator>false</is_translator><is_translation_enabled>false</is_translation_enabled><profile_background_color>F5F8FA</profile_background_color><profile_background_image_url/><profile_background_image_url_https/><profile_background_tile>false</profile_background_tile><profile_image_url>http://pbs.twimg.com/profile_images/770457561481015297/RfTcCfHl_normal.jpg</profile_image_url><profile_image_url_https>https://pbs.twimg.com/profile_images/770457561481015297/RfTcCfHl_normal.jpg</profile_image_url_https><profile_banner_url>https://pbs.twimg.com/profile_banners/770454653045764096/1472526431</profile_banner_url><profile_link_color>1DA1F2</profile_link_color><profile_sidebar_border_color>C0DEED</profile_sidebar_border_color><profile_sidebar_fill_color>DDEEF6</profile_sidebar_fill_color><profile_text_color>333333</profile_text_color><profile_use_background_image>true</profile_use_background_image><has_extended_profile>true</has_extended_profile><default_profile>true</default_profile><default_profile_image>false</default_profile_image><following>false</following><follow_request_sent>false</follow_request_sent><notifications>false</notifications><translator_type>none</translator_type></user><geo/><coordinates/><place/><contributors/><retweeted_status><created_at>Sun Apr 09 20:29:50 +0000 2017</created_at><id>851170310732750800</id><id_str>851170310732750848</id_str><text>Final Game 2: RPI-8 SLU-0 (6). J Cleasby with the CG shut out. @AllieHunt10 hit her first career HR. Great sweep today !!</text><truncated>false</truncated><entities><hashtags/><symbols/><user_mentions><screen_name>AllieHunt10</screen_name><name>Allison Hunt</name><id>709573560</id><id_str>709573560</id_str><indices>6375</indices></user_mentions><urls/></entities><metadata><iso_language_code>en</iso_language_code><result_type>recent</result_type></metadata><source>&lt;a href=&quot;http://twitter.com/download/iphone&quot; rel=&quot;nofollow&quot;&gt;Twitter for iPhone&lt;/a&gt;</source><in_reply_to_status_id/><in_reply_to_status_id_str/><in_reply_to_user_id/><in_reply_to_user_id_str/><in_reply_to_screen_name/><user><id>2397645670</id><id_str>2397645670</id_str><name>RPI Softball</name><screen_name>RPI_Softball</screen_name><location>Troy, NY</location><description/><url/><entities><description><urls/></description></entities><protected>false</protected><followers_count>178</followers_count><friends_count>48</friends_count><listed_count>2</listed_count><created_at>Sun Mar 09 20:01:33 +0000 2014</created_at><favourites_count>85</favourites_count><utc_offset>-25200</utc_offset><time_zone>Pacific Time (US &amp; Canada)</time_zone><geo_enabled>true</geo_enabled><verified>false</verified><statuses_count>477</statuses_count><lang>en</lang><contributors_enabled>false</contributors_enabled><is_translator>false</is_translator><is_translation_enabled>false</is_translation_enabled><profile_background_color>C0DEED</profile_background_color><profile_background_image_url>http://abs.twimg.com/images/themes/theme1/bg.png</profile_background_image_url><profile_background_image_url_https>https://abs.twimg.com/images/themes/theme1/bg.png</profile_background_image_url_https><profile_background_tile>false</profile_background_tile><profile_image_url>http://pbs.twimg.com/profile_images/442755149615071232/mBCFYQNe_normal.jpeg</profile_image_url><profile_image_url_https>https://pbs.twimg.com/profile_images/442755149615071232/mBCFYQNe_normal.jpeg</profile_image_url_https><profile_banner_url>https://pbs.twimg.com/profile_banners/2397645670/1394398281</profile_banner_url><profile_link_color>1DA1F2</profile_link_color><profile_sidebar_border_color>C0DEED</profile_sidebar_border_color><profile_sidebar_fill_color>DDEEF6</profile_sidebar_fill_color><profile_text_color>333333</profile_text_color><profile_use_background_image>true</profile_use_background_image><has_extended_profile>false</has_extended_profile><default_profile>true</default_profile><default_profile_image>false</default_profile_image><following>false</following><follow_request_sent>false</follow_request_sent><notifications>false</notifications><translator_type>none</translator_type></user><geo/><coordinates/><place/><contributors/><is_quote_status>false</is_quote_status><retweet_count>4</retweet_count><favorite_count>5</favorite_count><favorited>false</favorited><retweeted>false</retweeted><lang>en</lang></retweeted_status><is_quote_status>false</is_quote_status><retweet_count>4</retweet_count><favorite_count>0</favorite_count><favorited>false</favorited><retweeted>false</retweeted><lang>en</lang><created_at>Mon Apr 10 00:09:04 +0000 2017</created_at><id>851225479751323600</id><id_str>851225479751323648</id_str><text>RT @RPIAthletics: The Special Olympics basketball tournament is underway at ECAV. Good luck athletes and nice job #RPI SAAC #D3Week #whyd3…</text><truncated>false</truncated><entities><hashtags><text>RPI</text><indices>114118</indices><text>D3Week</text><indices>124131</indices><text>whyd3</text><indices>132138</indices></hashtags><symbols/><user_mentions><screen_name>RPIAthletics</screen_name><name>RPI Athletics</name><id>83680259</id><id_str>83680259</id_str><indices>316</indices></user_mentions><urls/></entities><metadata><iso_language_code>en</iso_language_code><result_type>recent</result_type></metadata><source>&lt;a href=&quot;http://twitter.com/download/iphone&quot; rel=&quot;nofollow&quot;&gt;Twitter for iPhone&lt;/a&gt;</source><in_reply_to_status_id/><in_reply_to_status_id_str/><in_reply_to_user_id/><in_reply_to_user_id_str/><in_reply_to_screen_name/><user><id>454087934</id><id_str>454087934</id_str><name>Houston Field House</name><screen_name>RPI_HFH</screen_name><location>Troy, NY</location><description>The official page of the Houston Field House at Rensselaer Polytechnic Institute.</description><url>http://t.co/oFluqX4a</url><entities><url><urls><url>http://t.co/oFluqX4a</url><expanded_url>http://rpiathletics.com/sports/2010/5/20/GEN_0520104208.aspx?id=2762</expanded_url><display_url>rpiathletics.com/sports/2010/5/…</display_url><indices>020</indices></urls></url><description><urls/></description></entities><protected>false</protected><followers_count>701</followers_count><friends_count>22</friends_count><listed_count>17</listed_count><created_at>Tue Jan 03 16:20:33 +0000 2012</created_at><favourites_count>4</favourites_count><utc_offset>-36000</utc_offset><time_zone>Hawaii</time_zone><geo_enabled>true</geo_enabled><verified>false</verified><statuses_count>692</statuses_count><lang>en</lang><contributors_enabled>false</contributors_enabled><is_translator>false</is_translator><is_translation_enabled>false</is_translation_enabled><profile_background_color>131516</profile_background_color><profile_background_image_url>http://abs.twimg.com/images/themes/theme14/bg.gif</profile_background_image_url><profile_background_image_url_https>https://abs.twimg.com/images/themes/theme14/bg.gif</profile_background_image_url_https><profile_background_tile>true</profile_background_tile><profile_image_url>http://pbs.twimg.com/profile_images/1732167062/hfh_normal.jpg</profile_image_url><profile_image_url_https>https://pbs.twimg.com/profile_images/1732167062/hfh_normal.jpg</profile_image_url_https><profile_link_color>009999</profile_link_color><profile_sidebar_border_color>EEEEEE</profile_sidebar_border_color><profile_sidebar_fill_color>EFEFEF</profile_sidebar_fill_color><profile_text_color>333333</profile_text_color><profile_use_background_image>true</profile_use_background_image><has_extended_profile>false</has_extended_profile><default_profile>false</default_profile><default_profile_image>false</default_profile_image><following>false</following><follow_request_sent>false</follow_request_sent><notifications>false</notifications><translator_type>none</translator_type></user><geo/><coordinates/><place/><contributors/><retweeted_status><created_at>Sun Apr 09 14:34:19 +0000 2017</created_at><id>851080839161159700</id><id_str>851080839161159685</id_str><text>The Special Olympics basketball tournament is underway at ECAV. Good luck athletes and nice job #RPI SAAC #D3Week… https://t.co/1VnAjGHk2K</text><truncated>true</truncated><entities><hashtags><text>RPI</text><indices>96100</indices><text>D3Week</text><indices>106113</indices></hashtags><symbols/><user_mentions/><urls><url>https://t.co/1VnAjGHk2K</url><expanded_url>https://twitter.com/i/web/status/851080839161159685</expanded_url><display_url>twitter.com/i/web/status/8…</display_url><indices>115138</indices></urls></entities><metadata><iso_language_code>en</iso_language_code><result_type>recent</result_type></metadata><source>&lt;a href=&quot;http://twitter.com/download/iphone&quot; rel=&quot;nofollow&quot;&gt;Twitter for iPhone&lt;/a&gt;</source><in_reply_to_status_id/><in_reply_to_status_id_str/><in_reply_to_user_id/><in_reply_to_user_id_str/><in_reply_to_screen_name/><user><id>83680259</id><id_str>83680259</id_str><name>RPI Athletics</name><screen_name>RPIAthletics</screen_name><location>Troy, N.Y.</location><description>The official page of Rensselaer Athletics</description><url>http://t.co/mTiDfzxllH</url><entities><url><urls><url>http://t.co/mTiDfzxllH</url><expanded_url>http://www.rpiathletics.com/</expanded_url><display_url>rpiathletics.com</display_url><indices>022</indices></urls></url><description><urls/></description></entities><protected>false</protected><followers_count>4793</followers_count><friends_count>756</friends_count><listed_count>108</listed_count><created_at>Mon Oct 19 20:21:02 +0000 2009</created_at><favourites_count>1657</favourites_count><utc_offset>-14400</utc_offset><time_zone>Eastern Time (US &amp; Canada)</time_zone><geo_enabled>true</geo_enabled><verified>false</verified><statuses_count>18766</statuses_count><lang>en</lang><contributors_enabled>false</contributors_enabled><is_translator>false</is_translator><is_translation_enabled>false</is_translation_enabled><profile_background_color>231F20</profile_background_color><profile_background_image_url>http://pbs.twimg.com/profile_background_images/47597617/Diagonal_RPI_Black_Tile.png</profile_background_image_url><profile_background_image_url_https>https://pbs.twimg.com/profile_background_images/47597617/Diagonal_RPI_Black_Tile.png</profile_background_image_url_https><profile_background_tile>true</profile_background_tile><profile_image_url>http://pbs.twimg.com/profile_images/793437471975608320/LZQWMgzP_normal.jpg</profile_image_url><profile_image_url_https>https://pbs.twimg.com/profile_images/793437471975608320/LZQWMgzP_normal.jpg</profile_image_url_https><profile_banner_url>https://pbs.twimg.com/profile_banners/83680259/1477049370</profile_banner_url><profile_link_color>EE2E24</profile_link_color><profile_sidebar_border_color>B31F17</profile_sidebar_border_color><profile_sidebar_fill_color>B1B3B6</profile_sidebar_fill_color><profile_text_color>231F20</profile_text_color><profile_use_background_image>true</profile_use_background_image><has_extended_profile>false</has_extended_profile><default_profile>false</default_profile><default_profile_image>false</default_profile_image><following>false</following><follow_request_sent>false</follow_request_sent><notifications>false</notifications><translator_type>none</translator_type></user><geo/><coordinates/><place/><contributors/><is_quote_status>false</is_quote_status><retweet_count>6</retweet_count><favorite_count>15</favorite_count><favorited>false</favorited><retweeted>false</retweeted><possibly_sensitive>false</possibly_sensitive><lang>en</lang></retweeted_status><is_quote_status>false</is_quote_status><retweet_count>6</retweet_count><favorite_count>0</favorite_count><favorited>false</favorited><retweeted>false</retweeted><lang>en</lang><created_at>Mon Apr 10 00:04:33 +0000 2017</created_at><id>851224345116540900</id><id_str>851224345116540930</id_str><text>@TRVSTVNGRVVVV https://t.co/9qx7s4dGgo</text><truncated>false</truncated><entities><hashtags/><symbols/><user_mentions><screen_name>TRVSTVNGRVVVV</screen_name><name>Tristan</name><id>756583220</id><id_str>756583220</id_str><indices>014</indices></user_mentions><urls/><media><id>851224200371195900</id><id_str>851224200371195905</id_str><indices>1538</indices><media_url>http://pbs.twimg.com/media/C9An5ndXUAETpm9.jpg</media_url><media_url_https>https://pbs.twimg.com/media/C9An5ndXUAETpm9.jpg</media_url_https><url>https://t.co/9qx7s4dGgo</url><display_url>pic.twitter.com/9qx7s4dGgo</display_url><expanded_url>https://twitter.com/DKE_RPI/status/851224345116540930/photo/1</expanded_url><type>photo</type><sizes><medium><w>900</w><h>1200</h><resize>fit</resize></medium><thumb><w>150</w><h>150</h><resize>crop</resize></thumb><large><w>1536</w><h>2048</h><resize>fit</resize></large><small><w>510</w><h>680</h><resize>fit</resize></small></sizes></media></entities><extended_entities><media><id>851224200371195900</id><id_str>851224200371195905</id_str><indices>1538</indices><media_url>http://pbs.twimg.com/media/C9An5ndXUAETpm9.jpg</media_url><media_url_https>https://pbs.twimg.com/media/C9An5ndXUAETpm9.jpg</media_url_https><url>https://t.co/9qx7s4dGgo</url><display_url>pic.twitter.com/9qx7s4dGgo</display_url><expanded_url>https://twitter.com/DKE_RPI/status/851224345116540930/photo/1</expanded_url><type>photo</type><sizes><medium><w>900</w><h>1200</h><resize>fit</resize></medium><thumb><w>150</w><h>150</h><resize>crop</resize></thumb><large><w>1536</w><h>2048</h><resize>fit</resize></large><small><w>510</w><h>680</h><resize>fit</resize></small></sizes></media></extended_entities><metadata><iso_language_code>und</iso_language_code><result_type>recent</result_type></metadata><source>&lt;a href=&quot;http://twitter.com/download/iphone&quot; rel=&quot;nofollow&quot;&gt;Twitter for iPhone&lt;/a&gt;</source><in_reply_to_status_id/><in_reply_to_status_id_str/><in_reply_to_user_id>756583220</in_reply_to_user_id><in_reply_to_user_id_str>756583220</in_reply_to_user_id_str><in_reply_to_screen_name>TRVSTVNGRVVVV</in_reply_to_screen_name><user><id>3060296019</id><id_str>3060296019</id_str><name>DKE at RPI</name><screen_name>DKE_RPI</screen_name><location>Troy, NY</location><description>Far better it is to dare mighty things.. - Teddy Roosevelt, Alpha Chapter of DKE. 



The official twitter of the Psi Omega chapter of #DKE at #RPI</description><url>https://t.co/ylotchBfjM</url><entities><url><urls><url>https://t.co/ylotchBfjM</url><expanded_url>http://dke-rpi.org</expanded_url><display_url>dke-rpi.org</display_url><indices>023</indices></urls></url><description><urls/></description></entities><protected>false</protected><followers_count>32</followers_count><friends_count>62</friends_count><listed_count>0</listed_count><created_at>Wed Feb 25 00:24:57 +0000 2015</created_at><favourites_count>14</favourites_count><utc_offset/><time_zone/><geo_enabled>false</geo_enabled><verified>false</verified><statuses_count>30</statuses_count><lang>en</lang><contributors_enabled>false</contributors_enabled><is_translator>false</is_translator><is_translation_enabled>false</is_translation_enabled><profile_background_color>C0DEED</profile_background_color><profile_background_image_url>http://abs.twimg.com/images/themes/theme1/bg.png</profile_background_image_url><profile_background_image_url_https>https://abs.twimg.com/images/themes/theme1/bg.png</profile_background_image_url_https><profile_background_tile>false</profile_background_tile><profile_image_url>http://pbs.twimg.com/profile_images/720032591756324869/2QeMSLds_normal.jpg</profile_image_url><profile_image_url_https>https://pbs.twimg.com/profile_images/720032591756324869/2QeMSLds_normal.jpg</profile_image_url_https><profile_banner_url>https://pbs.twimg.com/profile_banners/3060296019/1481499958</profile_banner_url><profile_link_color>1DA1F2</profile_link_color><profile_sidebar_border_color>C0DEED</profile_sidebar_border_color><profile_sidebar_fill_color>DDEEF6</profile_sidebar_fill_color><profile_text_color>333333</profile_text_color><profile_use_background_image>true</profile_use_background_image><has_extended_profile>false</has_extended_profile><default_profile>true</default_profile><default_profile_image>false</default_profile_image><following>false</following><follow_request_sent>false</follow_request_sent><notifications>false</notifications><translator_type>none</translator_type></user><geo/><coordinates/><place/><contributors/><is_quote_status>false</is_quote_status><retweet_count>2</retweet_count><favorite_count>1</favorite_count><favorited>false</favorited><retweeted>false</retweeted><possibly_sensitive>false</possibly_sensitive><lang>und</lang><created_at>Sun Apr 09 23:40:58 +0000 2017</created_at><id>851218409740218400</id><id_str>851218409740218368</id_str><text>Ryan Smith our radio engineer today at WRPI for Crusin' car radio talk show #wrpi #RPI @… https://t.co/t9NZi8aB4W</text><truncated>false</truncated><entities><hashtags><text>wrpi</text><indices>7681</indices><text>RPI</text><indices>8286</indices></hashtags><symbols/><user_mentions/><urls><url>https://t.co/t9NZi8aB4W</url><expanded_url>https://www.instagram.com/p/BSrvLL_laSS/</expanded_url><display_url>instagram.com/p/BSrvLL_laSS/</display_url><indices>90113</indices></urls></entities><metadata><iso_language_code>en</iso_language_code><result_type>recent</result_type></metadata><source>&lt;a href=&quot;http://instagram.com&quot; rel=&quot;nofollow&quot;&gt;Instagram&lt;/a&gt;</source><in_reply_to_status_id/><in_reply_to_status_id_str/><in_reply_to_user_id/><in_reply_to_user_id_str/><in_reply_to_screen_name/><user><id>195235847</id><id_str>195235847</id_str><name>Andrew Van Wagenen</name><screen_name>DrewVanWagenen</screen_name><location>Loudonville, New York</location><description>Retired Police Officer/former Firefighter and Paramedic/Democrat/ https://t.co/yuGv3osxx5 /Patron-Saratoga Automobile Museum/ Reiki Practitioner</description><url/><entities><description><urls><url>https://t.co/yuGv3osxx5</url><expanded_url>http://instagram.com/drewvanwagenen</expanded_url><display_url>instagram.com/drewvanwagenen</display_url><indices>6689</indices></urls></description></entities><protected>false</protected><followers_count>866</followers_count><friends_count>834</friends_count><listed_count>14</listed_count><created_at>Sun Sep 26 04:43:38 +0000 2010</created_at><favourites_count>169</favourites_count><utc_offset>-14400</utc_offset><time_zone>Eastern Time (US &amp; Canada)</time_zone><geo_enabled>true</geo_enabled><verified>false</verified><statuses_count>9552</statuses_count><lang>en</lang><contributors_enabled>false</contributors_enabled><is_translator>false</is_translator><is_translation_enabled>false</is_translation_enabled><profile_background_color>022330</profile_background_color><profile_background_image_url>http://abs.twimg.com/images/themes/theme15/bg.png</profile_background_image_url><profile_background_image_url_https>https://abs.twimg.com/images/themes/theme15/bg.png</profile_background_image_url_https><profile_background_tile>true</profile_background_tile><profile_image_url>http://pbs.twimg.com/profile_images/431181724500762624/Us8ZbSQs_normal.jpeg</profile_image_url><profile_image_url_https>https://pbs.twimg.com/profile_images/431181724500762624/Us8ZbSQs_normal.jpeg</profile_image_url_https><profile_banner_url>https://pbs.twimg.com/profile_banners/195235847/1353970265</profile_banner_url><profile_link_color>48B300</profile_link_color><profile_sidebar_border_color>A9F5EF</profile_sidebar_border_color><profile_sidebar_fill_color>508D9C</profile_sidebar_fill_color><profile_text_color>333333</profile_text_color><profile_use_background_image>true</profile_use_background_image><has_extended_profile>false</has_extended_profile><default_profile>false</default_profile><default_profile_image>false</default_profile_image><following>false</following><follow_request_sent>false</follow_request_sent><notifications>false</notifications><translator_type>none</translator_type></user><geo><type>Point</type><coordinates>42.72908224-73.67714297</coordinates></geo><coordinates><type>Point</type><coordinates>-73.6771429742.72908224</coordinates></coordinates><place><id>51cc4a7155935af2</id><url>https://api.twitter.com/1.1/geo/id/51cc4a7155935af2.json</url><place_type>city</place_type><name>Troy</name><full_name>Troy, NY</full_name><country_code>US</country_code><country>United States</country><contained_within/><bounding_box><type>Polygon</type><coordinates>-73.72499842.660879-73.64920142.660879-73.64920142.795001-73.72499842.795001</coordinates></bounding_box><attributes/></place><contributors/><is_quote_status>false</is_quote_status><retweet_count>0</retweet_count><favorite_count>0</favorite_count><favorited>false</favorited><retweeted>false</retweeted><possibly_sensitive>false</possibly_sensitive><lang>en</lang><created_at>Sun Apr 09 23:38:28 +0000 2017</created_at><id>851217781077004300</id><id_str>851217781077004289</id_str><text>Dr Ray Werking at WRPI during our Crusin' car radio talk show #RPI #wrpi @ Rensselaer… https://t.co/OJ185e2p2G</text><truncated>false</truncated><entities><hashtags><text>RPI</text><indices>6266</indices><text>wrpi</text><indices>6772</indices></hashtags><symbols/><user_mentions/><urls><url>https://t.co/OJ185e2p2G</url><expanded_url>https://www.instagram.com/p/BSru420lBbe/</expanded_url><display_url>instagram.com/p/BSru420lBbe/</display_url><indices>87110</indices></urls></entities><metadata><iso_language_code>en</iso_language_code><result_type>recent</result_type></metadata><source>&lt;a href=&quot;http://instagram.com&quot; rel=&quot;nofollow&quot;&gt;Instagram&lt;/a&gt;</source><in_reply_to_status_id/><in_reply_to_status_id_str/><in_reply_to_user_id/><in_reply_to_user_id_str/><in_reply_to_screen_name/><user><id>195235847</id><id_str>195235847</id_str><name>Andrew Van Wagenen</name><screen_name>DrewVanWagenen</screen_name><location>Loudonville, New York</location><description>Retired Police Officer/former Firefighter and Paramedic/Democrat/ https://t.co/yuGv3osxx5 /Patron-Saratoga Automobile Museum/ Reiki Practitioner</description><url/><entities><description><urls><url>https://t.co/yuGv3osxx5</url><expanded_url>http://instagram.com/drewvanwagenen</expanded_url><display_url>instagram.com/drewvanwagenen</display_url><indices>6689</indices></urls></description></entities><protected>false</protected><followers_count>866</followers_count><friends_count>834</friends_count><listed_count>14</listed_count><created_at>Sun Sep 26 04:43:38 +0000 2010</created_at><favourites_count>169</favourites_count><utc_offset>-14400</utc_offset><time_zone>Eastern Time (US &amp; Canada)</time_zone><geo_enabled>true</geo_enabled><verified>false</verified><statuses_count>9552</statuses_count><lang>en</lang><contributors_enabled>false</contributors_enabled><is_translator>false</is_translator><is_translation_enabled>false</is_translation_enabled><profile_background_color>022330</profile_background_color><profile_background_image_url>http://abs.twimg.com/images/themes/theme15/bg.png</profile_background_image_url><profile_background_image_url_https>https://abs.twimg.com/images/themes/theme15/bg.png</profile_background_image_url_https><profile_background_tile>true</profile_background_tile><profile_image_url>http://pbs.twimg.com/profile_images/431181724500762624/Us8ZbSQs_normal.jpeg</profile_image_url><profile_image_url_https>https://pbs.twimg.com/profile_images/431181724500762624/Us8ZbSQs_normal.jpeg</profile_image_url_https><profile_banner_url>https://pbs.twimg.com/profile_banners/195235847/1353970265</profile_banner_url><profile_link_color>48B300</profile_link_color><profile_sidebar_border_color>A9F5EF</profile_sidebar_border_color><profile_sidebar_fill_color>508D9C</profile_sidebar_fill_color><profile_text_color>333333</profile_text_color><profile_use_background_image>true</profile_use_background_image><has_extended_profile>false</has_extended_profile><default_profile>false</default_profile><default_profile_image>false</default_profile_image><following>false</following><follow_request_sent>false</follow_request_sent><notifications>false</notifications><translator_type>none</translator_type></user><geo><type>Point</type><coordinates>42.72908224-73.67714297</coordinates></geo><coordinates><type>Point</type><coordinates>-73.6771429742.72908224</coordinates></coordinates><place><id>51cc4a7155935af2</id><url>https://api.twitter.com/1.1/geo/id/51cc4a7155935af2.json</url><place_type>city</place_type><name>Troy</name><full_name>Troy, NY</full_name><country_code>US</country_code><country>United States</country><contained_within/><bounding_box><type>Polygon</type><coordinates>-73.72499842.660879-73.64920142.660879-73.64920142.795001-73.72499842.795001</coordinates></bounding_box><attributes/></place><contributors/><is_quote_status>false</is_quote_status><retweet_count>0</retweet_count><favorite_count>0</favorite_count><favorited>false</favorited><retweeted>false</retweeted><possibly_sensitive>false</possibly_sensitive><lang>en</lang><created_at>Sun Apr 09 23:37:00 +0000 2017</created_at><id>851217411911159800</id><id_str>851217411911159808</id_str><text>Heading into WRPI 91.5 FM #RPI radio station for our car talk radio show https://t.co/cSWcYhiqI0</text><truncated>false</truncated><entities><hashtags><text>RPI</text><indices>2630</indices></hashtags><symbols/><user_mentions/><urls><url>https://t.co/cSWcYhiqI0</url><expanded_url>https://www.instagram.com/p/BSruaoHFmfS/</expanded_url><display_url>instagram.com/p/BSruaoHFmfS/</display_url><indices>7396</indices></urls></entities><metadata><iso_language_code>en</iso_language_code><result_type>recent</result_type></metadata><source>&lt;a href=&quot;http://instagram.com&quot; rel=&quot;nofollow&quot;&gt;Instagram&lt;/a&gt;</source><in_reply_to_status_id/><in_reply_to_status_id_str/><in_reply_to_user_id/><in_reply_to_user_id_str/><in_reply_to_screen_name/><user><id>195235847</id><id_str>195235847</id_str><name>Andrew Van Wagenen</name><screen_name>DrewVanWagenen</screen_name><location>Loudonville, New York</location><description>Retired Police Officer/former Firefighter and Paramedic/Democrat/ https://t.co/yuGv3osxx5 /Patron-Saratoga Automobile Museum/ Reiki Practitioner</description><url/><entities><description><urls><url>https://t.co/yuGv3osxx5</url><expanded_url>http://instagram.com/drewvanwagenen</expanded_url><display_url>instagram.com/drewvanwagenen</display_url><indices>6689</indices></urls></description></entities><protected>false</protected><followers_count>866</followers_count><friends_count>834</friends_count><listed_count>14</listed_count><created_at>Sun Sep 26 04:43:38 +0000 2010</created_at><favourites_count>169</favourites_count><utc_offset>-14400</utc_offset><time_zone>Eastern Time (US &amp; Canada)</time_zone><geo_enabled>true</geo_enabled><verified>false</verified><statuses_count>9552</statuses_count><lang>en</lang><contributors_enabled>false</contributors_enabled><is_translator>false</is_translator><is_translation_enabled>false</is_translation_enabled><profile_background_color>022330</profile_background_color><profile_background_image_url>http://abs.twimg.com/images/themes/theme15/bg.png</profile_background_image_url><profile_background_image_url_https>https://abs.twimg.com/images/themes/theme15/bg.png</profile_background_image_url_https><profile_background_tile>true</profile_background_tile><profile_image_url>http://pbs.twimg.com/profile_images/431181724500762624/Us8ZbSQs_normal.jpeg</profile_image_url><profile_image_url_https>https://pbs.twimg.com/profile_images/431181724500762624/Us8ZbSQs_normal.jpeg</profile_image_url_https><profile_banner_url>https://pbs.twimg.com/profile_banners/195235847/1353970265</profile_banner_url><profile_link_color>48B300</profile_link_color><profile_sidebar_border_color>A9F5EF</profile_sidebar_border_color><profile_sidebar_fill_color>508D9C</profile_sidebar_fill_color><profile_text_color>333333</profile_text_color><profile_use_background_image>true</profile_use_background_image><has_extended_profile>false</has_extended_profile><default_profile>false</default_profile><default_profile_image>false</default_profile_image><following>false</following><follow_request_sent>false</follow_request_sent><notifications>false</notifications><translator_type>none</translator_type></user><geo/><coordinates/><place/><contributors/><is_quote_status>false</is_quote_status><retweet_count>0</retweet_count><favorite_count>0</favorite_count><favorited>false</favorited><retweeted>false</retweeted><possibly_sensitive>false</possibly_sensitive><lang>en</lang>