{"any": null, "battletag": "ConfusedPube#1277", "us": {"achievements": {}, "stats": {"competitive": {"competitive": true, "average_stats": {"deaths_avg": 10.61, "healing_done_avg": 5136.0, "melee_final_blows_avg": 0.21, "defensive_assists_avg": 6.0, "objective_kills_avg": 8.33, "final_blows_avg": 10.44, "eliminations_avg": 22.46, "recon_assists_avg": 0.0, "offensive_assists_avg": 5.0, "time_spent_on_fire_avg": 0.024722222222222222, "solo_kills_avg": 2.37, "objective_time_avg": 0.017222222222222226, "damage_done_avg": 14422.0}, "overall_stats": {"level": 96, "losses": 238, "prestige": 3, "rank_image": "https://blzgdapipro-a.akamaihd.net/game/playerlevelrewards/0x0250000000000952_Border.png", "wins": 242, "avatar": "https://blzgdapipro-a.akamaihd.net/game/unlocks/0x0250000000000C8B.png", "games": 505, "ties": 25, "comprank": 4206, "win_rate": 50, "tier": "grandmaster"}, "game_stats": {"final_blows": 5273.0, "objective_kills": 4209.0, "eliminations": 11344.0, "medals_bronze": 374.0, "games_played": 505.0, "objective_time": 8.794444444444444, "time_spent_on_fire": 12.613333333333333, "final_blows_most_in_game": 43.0, "offensive_assists_most_in_game": 32.0, "medals_gold": 597.0, "defensive_assists_most_in_game": 39.0, "time_spent_on_fire_most_in_game": 0.16999999999999998, "multikill_best": 5.0, "solo_kills_most_in_game": 43.0, "healing_done_most_in_game": 20888.0, "deaths": 5362.0, "solo_kills": 1197.0, "damage_done_most_in_game": 43427.0, "games_won": 242.0, "defensive_assists": 3072.0, "cards": 252.0, "environmental_deaths": 75.0, "kpd": 2.12, "melee_final_blows": 111.0, "recon_assists": 10.0, "objective_kills_most_in_game": 43.0, "teleporter_pads_destroyed": 15.0, "environmental_kills": 143.0, "games_lost": 238.0, "games_tied": 25.0, "eliminations_most_in_game": 72.0, "healing_done": 2593514.0, "medals_silver": 369.0, "objective_time_most_in_game": 0.07527777777777778, "time_played": 110.0, "damage_done": 7283250.0, "multikills": 147.0, "melee_final_blows_most_in_game": 4.0, "medals": 1340.0, "offensive_assists": 2691.0}}, "quickplay": {"competitive": false, "average_stats": {"deaths_avg": 6.88, "healing_done_avg": 571.0, "melee_final_blows_avg": 0.2, "defensive_assists_avg": 0.0, "objective_kills_avg": 4.93, "final_blows_avg": 11.57, "eliminations_avg": 17.46, "recon_assists_avg": 0.0, "offensive_assists_avg": 0.0, "time_spent_on_fire_avg": 0.029166666666666667, "solo_kills_avg": 3.86, "objective_time_avg": 0.007222222222222223, "damage_done_avg": 8284.0}, "overall_stats": {"level": 96, "prestige": 3, "rank_image": "https://blzgdapipro-a.akamaihd.net/game/playerlevelrewards/0x0250000000000952_Border.png", "wins": 403, "avatar": "https://blzgdapipro-a.akamaihd.net/game/unlocks/0x0250000000000C8B.png", "comprank": 4206, "tier": "grandmaster"}, "game_stats": {"final_blows": 9384.0, "objective_kills": 4002.0, "eliminations": 14163.0, "medals_bronze": 424.0, "objective_time": 5.8875, "time_spent_on_fire": 23.697777777777777, "final_blows_most_in_game": 40.0, "offensive_assists_most_in_game": 14.0, "medals_gold": 1355.0, "defensive_assists_most_in_game": 18.0, "time_spent_on_fire_most_in_game": 0.15583333333333332, "multikill_best": 5.0, "solo_kills_most_in_game": 40.0, "healing_done_most_in_game": 8215.0, "deaths": 5584.0, "solo_kills": 3136.0, "damage_done_most_in_game": 26093.0, "games_won": 403.0, "defensive_assists": 187.0, "cards": 436.0, "environmental_deaths": 91.0, "kpd": 2.54, "melee_final_blows": 164.0, "recon_assists": 30.0, "objective_kills_most_in_game": 27.0, "teleporter_pads_destroyed": 24.0, "environmental_kills": 141.0, "eliminations_most_in_game": 49.0, "healing_done": 462868.0, "medals_silver": 610.0, "objective_time_most_in_game": 0.06194444444444445, "time_played": 100.0, "damage_done": 6718434.0, "multikills": 169.0, "melee_final_blows_most_in_game": 3.0, "medals": 2389.0, "offensive_assists": 148.0}}}, "heroes": {"playtime": {"competitive": {}, "quickplay": {}}, "stats": {"competitive": {}, "quickplay": {}}}}, "kr": null, "eu": null}
