{"any": null, "battletag": "DeadCake#1559", "us": {"achievements": {}, "stats": {"competitive": {"competitive": true, "average_stats": {"deaths_avg": 8.02, "healing_done_avg": 1792.0, "melee_final_blows_avg": 0.35, "defensive_assists_avg": 1.0, "objective_kills_avg": 9.76, "final_blows_avg": 13.5, "eliminations_avg": 27.71, "recon_assists_avg": 0.0, "offensive_assists_avg": 1.0, "time_spent_on_fire_avg": 0.024722222222222222, "solo_kills_avg": 2.24, "objective_time_avg": 0.021666666666666667, "damage_done_avg": 15646.0}, "overall_stats": {"level": 40, "losses": 98, "prestige": 2, "rank_image": "https://blzgdapipro-a.akamaihd.net/game/playerlevelrewards/0x0250000000000937_Border.png", "wins": 135, "avatar": "https://blzgdapipro-a.akamaihd.net/game/unlocks/0x0250000000000F01.png", "games": 250, "ties": 17, "comprank": 4407, "win_rate": 57, "tier": "grandmaster"}, "game_stats": {"final_blows": 3377.0, "objective_kills": 2442.0, "eliminations": 6929.0, "medals_bronze": 266.0, "games_played": 250.0, "objective_time": 5.434722222222222, "time_spent_on_fire": 6.236944444444444, "final_blows_most_in_game": 40.0, "offensive_assists_most_in_game": 31.0, "medals_gold": 288.0, "defensive_assists_most_in_game": 39.0, "time_spent_on_fire_most_in_game": 0.13472222222222224, "multikill_best": 5.0, "solo_kills_most_in_game": 40.0, "healing_done_most_in_game": 13859.0, "deaths": 2007.0, "solo_kills": 561.0, "damage_done_most_in_game": 39655.0, "games_won": 135.0, "defensive_assists": 229.0, "cards": 89.0, "environmental_deaths": 58.0, "kpd": 3.45, "melee_final_blows": 88.0, "recon_assists": 6.0, "objective_kills_most_in_game": 32.0, "teleporter_pads_destroyed": 9.0, "environmental_kills": 50.0, "games_lost": 98.0, "games_tied": 17.0, "eliminations_most_in_game": 67.0, "healing_done": 447933.0, "medals_silver": 254.0, "objective_time_most_in_game": 0.0913888888888889, "time_played": 55.0, "damage_done": 3911503.0, "multikills": 83.0, "melee_final_blows_most_in_game": 3.0, "medals": 808.0, "offensive_assists": 203.0}}, "quickplay": {"competitive": false, "average_stats": {"deaths_avg": 4.66, "healing_done_avg": 851.0, "melee_final_blows_avg": 0.24, "defensive_assists_avg": 1.0, "objective_kills_avg": 4.62, "final_blows_avg": 9.73, "eliminations_avg": 16.98, "recon_assists_avg": 0.0, "offensive_assists_avg": 1.0, "time_spent_on_fire_avg": 0.024166666666666666, "solo_kills_avg": 3.17, "objective_time_avg": 0.006666666666666667, "damage_done_avg": 6439.0}, "overall_stats": {"level": 40, "prestige": 2, "rank_image": "https://blzgdapipro-a.akamaihd.net/game/playerlevelrewards/0x0250000000000937_Border.png", "wins": 334, "avatar": "https://blzgdapipro-a.akamaihd.net/game/unlocks/0x0250000000000F01.png", "comprank": 4407, "tier": "grandmaster"}, "game_stats": {"final_blows": 5736.0, "objective_kills": 2727.0, "eliminations": 10006.0, "medals_bronze": 422.0, "objective_time": 4.089444444444444, "time_spent_on_fire": 14.368333333333334, "final_blows_most_in_game": 34.0, "offensive_assists_most_in_game": 17.0, "medals_gold": 655.0, "defensive_assists_most_in_game": 25.0, "time_spent_on_fire_most_in_game": 0.16861111111111113, "multikill_best": 5.0, "solo_kills_most_in_game": 34.0, "healing_done_most_in_game": 10749.0, "deaths": 2749.0, "solo_kills": 1868.0, "damage_done_most_in_game": 23748.0, "games_won": 334.0, "defensive_assists": 356.0, "cards": 272.0, "environmental_deaths": 60.0, "kpd": 3.64, "melee_final_blows": 145.0, "recon_assists": 23.0, "objective_kills_most_in_game": 25.0, "teleporter_pads_destroyed": 6.0, "environmental_kills": 39.0, "eliminations_most_in_game": 52.0, "healing_done": 501240.0, "medals_silver": 464.0, "objective_time_most_in_game": 0.04083333333333334, "time_played": 75.0, "damage_done": 3792379.0, "multikills": 77.0, "melee_final_blows_most_in_game": 5.0, "medals": 1541.0, "offensive_assists": 318.0}}}, "heroes": {"playtime": {"competitive": {}, "quickplay": {}}, "stats": {"competitive": {}, "quickplay": {}}}}, "kr": null, "eu": {"achievements": {}, "stats": {"competitive": {"competitive": true, "average_stats": {"deaths_avg": 7.64, "healing_done_avg": 2005.0, "melee_final_blows_avg": 0.45, "defensive_assists_avg": 1.0, "objective_kills_avg": 10.03, "final_blows_avg": 12.91, "eliminations_avg": 27.88, "recon_assists_avg": 0.0, "offensive_assists_avg": 1.0, "time_spent_on_fire_avg": 0.024444444444444446, "solo_kills_avg": 2.04, "objective_time_avg": 0.02333333333333333, "damage_done_avg": 16358.0}, "overall_stats": {"level": 5, "losses": 41, "prestige": 2, "rank_image": "https://blzgdapipro-a.akamaihd.net/game/playerlevelrewards/0x025000000000092C_Border.png", "wins": 65, "avatar": "https://blzgdapipro-a.akamaihd.net/game/unlocks/0x0250000000000C77.png", "games": 115, "ties": 9, "comprank": 4540, "win_rate": 61, "tier": "grandmaster"}, "game_stats": {"final_blows": 1485.0, "objective_kills": 1154.0, "eliminations": 3207.0, "medals_bronze": 125.0, "objective_time": 2.6905555555555556, "time_spent_on_fire": 2.8169444444444443, "final_blows_most_in_game": 32.0, "multikills": 37.0, "medals_gold": 125.0, "defensive_assists_most_in_game": 26.0, "time_spent_on_fire_most_in_game": 0.13472222222222224, "multikill_best": 4.0, "solo_kills_most_in_game": 32.0, "healing_done_most_in_game": 13859.0, "deaths": 879.0, "solo_kills": 235.0, "damage_done_most_in_game": 39655.0, "games_won": 65.0, "defensive_assists": 116.0, "cards": 33.0, "recon_assist": 1.0, "environmental_deaths": 30.0, "kpd": 3.65, "melee_final_blows": 52.0, "offensive_assists_most_in_game": 20.0, "objective_kills_most_in_game": 27.0, "teleporter_pads_destroyed": 6.0, "environmental_kills": 24.0, "games_lost": 41.0, "games_tied": 9.0, "eliminations_most_in_game": 67.0, "healing_done": 230550.0, "medals_silver": 110.0, "objective_time_most_in_game": 0.07888888888888888, "time_played": 26.0, "damage_done": 1881191.0, "games_played": 115.0, "melee_final_blows_most_in_game": 3.0, "medals": 360.0, "offensive_assists": 96.0}}, "quickplay": {"competitive": false, "average_stats": {"deaths_avg": 4.69, "healing_done_avg": 824.0, "melee_final_blows_avg": 0.24, "defensive_assists_avg": 1.0, "objective_kills_avg": 4.66, "final_blows_avg": 9.81, "eliminations_avg": 17.08, "recon_assists_avg": 0.0, "offensive_assists_avg": 0.0, "time_spent_on_fire_avg": 0.024444444444444446, "solo_kills_avg": 3.18, "objective_time_avg": 0.006944444444444445, "damage_done_avg": 6452.0}, "overall_stats": {"level": 5, "prestige": 2, "rank_image": "https://blzgdapipro-a.akamaihd.net/game/playerlevelrewards/0x025000000000092C_Border.png", "wins": 326, "avatar": "https://blzgdapipro-a.akamaihd.net/game/unlocks/0x0250000000000C77.png", "comprank": 4540, "tier": "grandmaster"}, "game_stats": {"final_blows": 5683.0, "objective_kills": 2699.0, "eliminations": 9892.0, "medals_bronze": 417.0, "objective_time": 4.049722222222222, "time_spent_on_fire": 14.289722222222222, "final_blows_most_in_game": 34.0, "offensive_assists_most_in_game": 17.0, "medals_gold": 647.0, "defensive_assists_most_in_game": 25.0, "time_spent_on_fire_most_in_game": 0.16861111111111113, "multikill_best": 5.0, "solo_kills_most_in_game": 34.0, "healing_done_most_in_game": 10749.0, "deaths": 2717.0, "solo_kills": 1847.0, "damage_done_most_in_game": 23748.0, "games_won": 326.0, "defensive_assists": 319.0, "cards": 269.0, "environmental_deaths": 60.0, "kpd": 3.64, "melee_final_blows": 143.0, "recon_assists": 23.0, "objective_kills_most_in_game": 25.0, "teleporter_pads_destroyed": 6.0, "environmental_kills": 39.0, "eliminations_most_in_game": 52.0, "healing_done": 476943.0, "medals_silver": 457.0, "objective_time_most_in_game": 0.04083333333333334, "time_played": 74.0, "damage_done": 3735880.0, "multikills": 76.0, "melee_final_blows_most_in_game": 5.0, "medals": 1521.0, "offensive_assists": 280.0}}}, "heroes": {"playtime": {"competitive": {}, "quickplay": {}}, "stats": {"competitive": {}, "quickplay": {}}}}}
