{"any": null, "battletag": "Geth#1796", "us": {"achievements": {}, "stats": {"competitive": {"competitive": true, "average_stats": {"deaths_avg": 10.56, "healing_done_avg": 1815.0, "melee_final_blows_avg": 0.18, "defensive_assists_avg": 2.0, "objective_kills_avg": 9.87, "final_blows_avg": 9.79, "eliminations_avg": 23.37, "recon_assists_avg": 0.0, "offensive_assists_avg": 2.0, "time_spent_on_fire_avg": 0.018333333333333333, "solo_kills_avg": 1.27, "objective_time_avg": 0.028055555555555556, "damage_done_avg": 13971.0}, "overall_stats": {"level": 91, "losses": 87, "prestige": 2, "rank_image": "https://blzgdapipro-a.akamaihd.net/game/playerlevelrewards/0x0250000000000951_Border.png", "wins": 77, "avatar": "https://blzgdapipro-a.akamaihd.net/game/unlocks/0x0250000000000ABB.png", "games": 174, "ties": 10, "comprank": 3805, "win_rate": 46, "tier": "master"}, "game_stats": {"final_blows": 1705.0, "objective_kills": 1718.0, "eliminations": 4067.0, "medals_bronze": 157.0, "games_played": 174.0, "objective_time": 4.91, "time_spent_on_fire": 3.2005555555555554, "final_blows_most_in_game": 37.0, "teleporter_pad_destroyed": 1.0, "medals_gold": 212.0, "defensive_assists_most_in_game": 40.0, "time_spent_on_fire_most_in_game": 0.11833333333333333, "multikill_best": 5.0, "healing_done_most_in_game": 16939.0, "deaths": 1839.0, "offensive_assists_most_in_game": 38.0, "damage_done_most_in_game": 37080.0, "games_won": 77.0, "defensive_assists": 338.0, "cards": 74.0, "environmental_deaths": 32.0, "kpd": 2.21, "melee_final_blows": 32.0, "solo_kills_most_in_game": 37.0, "objective_kills_most_in_game": 31.0, "solo_kills": 222.0, "environmental_kills": 12.0, "games_lost": 87.0, "games_tied": 10.0, "eliminations_most_in_game": 60.0, "healing_done": 315874.0, "medals_silver": 126.0, "objective_time_most_in_game": 0.10250000000000001, "time_played": 39.0, "damage_done": 2430995.0, "recon_assists": 4.0, "multikills": 67.0, "melee_final_blows_most_in_game": 3.0, "medals": 495.0, "offensive_assists": 306.0}}, "quickplay": {"competitive": false, "average_stats": {"deaths_avg": 6.85, "healing_done_avg": 1023.0, "melee_final_blows_avg": 0.16, "defensive_assists_avg": 1.0, "objective_kills_avg": 5.16, "final_blows_avg": 8.03, "eliminations_avg": 14.82, "recon_assists_avg": 0.0, "offensive_assists_avg": 1.0, "time_spent_on_fire_avg": 0.01972222222222222, "solo_kills_avg": 2.46, "objective_time_avg": 0.008888888888888889, "damage_done_avg": 6338.0}, "overall_stats": {"level": 91, "prestige": 2, "rank_image": "https://blzgdapipro-a.akamaihd.net/game/playerlevelrewards/0x0250000000000951_Border.png", "wins": 580, "avatar": "https://blzgdapipro-a.akamaihd.net/game/unlocks/0x0250000000000ABB.png", "comprank": 3805, "tier": "master"}, "game_stats": {"final_blows": 8982.0, "objective_kills": 5773.0, "eliminations": 16571.0, "medals_bronze": 890.0, "objective_time": 10.189722222222223, "time_spent_on_fire": 22.273611111111112, "final_blows_most_in_game": 30.0, "offensive_assists_most_in_game": 22.0, "medals_gold": 1475.0, "defensive_assists_most_in_game": 20.0, "time_spent_on_fire_most_in_game": 0.175, "multikill_best": 5.0, "solo_kills_most_in_game": 30.0, "healing_done_most_in_game": 17925.0, "deaths": 7661.0, "solo_kills": 2754.0, "damage_done_most_in_game": 25527.0, "games_won": 580.0, "defensive_assists": 952.0, "cards": 491.0, "environmental_deaths": 75.0, "kpd": 2.16, "melee_final_blows": 189.0, "recon_assists": 18.0, "objective_kills_most_in_game": 29.0, "teleporter_pads_destroyed": 13.0, "environmental_kills": 26.0, "eliminations_most_in_game": 55.0, "healing_done": 1143287.0, "medals_silver": 1091.0, "objective_time_most_in_game": 0.0688888888888889, "time_played": 141.0, "damage_done": 7085612.0, "multikills": 147.0, "melee_final_blows_most_in_game": 4.0, "medals": 3456.0, "offensive_assists": 692.0}}}, "heroes": {"playtime": {"competitive": {}, "quickplay": {}}, "stats": {"competitive": {}, "quickplay": {}}}}, "kr": null, "eu": null}
