{"any": null, "battletag": "Highpants#1994", "us": {"achievements": {}, "stats": {"competitive": {"competitive": true, "average_stats": {"deaths_avg": 9.17, "healing_done_avg": 2005.0, "melee_final_blows_avg": 0.17, "defensive_assists_avg": 2.0, "objective_kills_avg": 10.32, "final_blows_avg": 11.82, "eliminations_avg": 25.47, "recon_assists_avg": 0.0, "offensive_assists_avg": 2.0, "time_spent_on_fire_avg": 0.022500000000000003, "solo_kills_avg": 2.61, "objective_time_avg": 0.02, "damage_done_avg": 13553.0}, "overall_stats": {"level": 63, "losses": 43, "prestige": 1, "rank_image": "https://blzgdapipro-a.akamaihd.net/game/playerlevelrewards/0x0250000000000928_Border.png", "wins": 38, "avatar": "https://blzgdapipro-a.akamaihd.net/game/unlocks/0x02500000000008E9.png", "games": 84, "ties": 3, "comprank": 3512, "win_rate": 46, "tier": "master"}, "game_stats": {"final_blows": 993.0, "objective_kills": 867.0, "eliminations": 2140.0, "medals_bronze": 90.0, "games_played": 84.0, "objective_time": 1.7022222222222223, "time_spent_on_fire": 1.9066666666666667, "final_blows_most_in_game": 33.0, "teleporter_pad_destroyed": 1.0, "medals_gold": 99.0, "defensive_assists_most_in_game": 26.0, "time_spent_on_fire_most_in_game": 0.11805555555555555, "multikill_best": 5.0, "healing_done_most_in_game": 13845.0, "deaths": 771.0, "offensive_assists_most_in_game": 24.0, "damage_done_most_in_game": 36656.0, "games_won": 38.0, "defensive_assists": 182.0, "cards": 24.0, "environmental_deaths": 18.0, "kpd": 2.78, "melee_final_blows": 15.0, "solo_kills_most_in_game": 33.0, "objective_kills_most_in_game": 33.0, "solo_kills": 220.0, "environmental_kills": 6.0, "games_lost": 43.0, "games_tied": 3.0, "eliminations_most_in_game": 66.0, "healing_done": 168435.0, "medals_silver": 79.0, "objective_time_most_in_game": 0.06638888888888889, "time_played": 18.0, "damage_done": 1138417.0, "recon_assists": 11.0, "multikills": 33.0, "melee_final_blows_most_in_game": 2.0, "medals": 268.0, "offensive_assists": 173.0}}, "quickplay": {"competitive": false, "average_stats": {"deaths_avg": 5.64, "healing_done_avg": 1389.0, "melee_final_blows_avg": 0.12, "defensive_assists_avg": 1.0, "objective_kills_avg": 5.39, "final_blows_avg": 8.31, "eliminations_avg": 14.87, "recon_assists_avg": 0.0, "offensive_assists_avg": 1.0, "time_spent_on_fire_avg": 0.025833333333333333, "solo_kills_avg": 2.4, "objective_time_avg": 0.010277777777777778, "damage_done_avg": 5796.0}, "overall_stats": {"level": 63, "prestige": 1, "rank_image": "https://blzgdapipro-a.akamaihd.net/game/playerlevelrewards/0x0250000000000928_Border.png", "wins": 306, "avatar": "https://blzgdapipro-a.akamaihd.net/game/unlocks/0x02500000000008E9.png", "comprank": 3512, "tier": "master"}, "game_stats": {"final_blows": 4567.0, "objective_kills": 2964.0, "eliminations": 8164.0, "medals_bronze": 432.0, "objective_time": 5.727222222222222, "time_spent_on_fire": 14.291944444444445, "final_blows_most_in_game": 38.0, "offensive_assists_most_in_game": 26.0, "medals_gold": 741.0, "defensive_assists_most_in_game": 30.0, "time_spent_on_fire_most_in_game": 0.15055555555555555, "multikill_best": 4.0, "solo_kills_most_in_game": 38.0, "healing_done_most_in_game": 10408.0, "deaths": 3101.0, "solo_kills": 1322.0, "damage_done_most_in_game": 19485.0, "games_won": 306.0, "defensive_assists": 564.0, "cards": 236.0, "environmental_deaths": 62.0, "kpd": 2.63, "melee_final_blows": 67.0, "recon_assists": 24.0, "objective_kills_most_in_game": 27.0, "teleporter_pads_destroyed": 6.0, "environmental_kills": 32.0, "eliminations_most_in_game": 46.0, "healing_done": 762336.0, "medals_silver": 574.0, "objective_time_most_in_game": 0.06027777777777778, "time_played": 68.0, "damage_done": 3181928.0, "multikills": 67.0, "melee_final_blows_most_in_game": 3.0, "medals": 1747.0, "offensive_assists": 342.0}}}, "heroes": {"playtime": {"competitive": {}, "quickplay": {}}, "stats": {"competitive": {}, "quickplay": {}}}}, "kr": {"achievements": {}, "stats": {"competitive": {"competitive": true, "average_stats": {"deaths_avg": 9.27, "healing_done_avg": 2367.0, "melee_final_blows_avg": 0.06, "defensive_assists_avg": 3.0, "objective_kills_avg": 13.07, "final_blows_avg": 16.33, "eliminations_avg": 29.96, "offensive_assists_avg": 1.0, "time_spent_on_fire_avg": 0.05305555555555555, "solo_kills_avg": 4.05, "objective_time_avg": 0.023055555555555555, "damage_done_avg": 12504.0}, "overall_stats": {"level": 77, "losses": 58, "prestige": 0, "rank_image": "https://blzgdapipro-a.akamaihd.net/game/playerlevelrewards/0x025000000000091F_Border.png", "wins": 81, "avatar": "https://blzgdapipro-a.akamaihd.net/game/unlocks/0x02500000000009E5.png", "games": 139, "ties": 0, "comprank": 70, "win_rate": 58, "tier": "bronze"}, "game_stats": {"final_blows": 2270.0, "objective_kills": 1817.0, "eliminations": 4165.0, "medals_bronze": 100.0, "objective_time": 3.2127777777777777, "time_spent_on_fire": 7.3838888888888885, "final_blows_most_in_game": 40.0, "offensive_assists_most_in_game": 13.0, "medals_gold": 204.0, "defensive_assists_most_in_game": 20.0, "time_spent_on_fire_most_in_game": 0.1713888888888889, "multikill_best": 4.0, "solo_kills_most_in_game": 40.0, "healing_done_most_in_game": 15299.0, "deaths": 1289.0, "solo_kills": 563.0, "damage_done_most_in_game": 29805.0, "games_won": 81.0, "defensive_assists": 349.0, "cards": 64.0, "environmental_deaths": 25.0, "kpd": 3.23, "melee_final_blows": 9.0, "recon_assists": 16.0, "objective_kills_most_in_game": 31.0, "games_played": 139.0, "environmental_kills": 15.0, "eliminations_most_in_game": 55.0, "healing_done": 328956.0, "medals_silver": 145.0, "objective_time_most_in_game": 0.06444444444444444, "time_played": 29.0, "damage_done": 1737988.0, "multikills": 47.0, "melee_final_blows_most_in_game": 2.0, "medals": 449.0, "offensive_assists": 191.0}}, "quickplay": {"competitive": false, "average_stats": {"deaths_avg": 5.27, "healing_done_avg": 1301.0, "melee_final_blows_avg": 0.09, "defensive_assists_avg": 1.0, "objective_kills_avg": 5.24, "final_blows_avg": 7.99, "eliminations_avg": 14.32, "offensive_assists_avg": 0.0, "time_spent_on_fire_avg": 0.025555555555555554, "solo_kills_avg": 2.47, "objective_time_avg": 0.010277777777777778, "damage_done_avg": 5390.0}, "overall_stats": {"level": 77, "prestige": 0, "rank_image": "https://blzgdapipro-a.akamaihd.net/game/playerlevelrewards/0x025000000000091F_Border.png", "wins": 200, "avatar": "https://blzgdapipro-a.akamaihd.net/game/unlocks/0x02500000000009E5.png", "comprank": 70, "tier": "bronze"}, "game_stats": {"final_blows": 2727.0, "objective_kills": 1787.0, "eliminations": 4885.0, "medals_bronze": 280.0, "games_played": 341.0, "objective_time": 3.516111111111111, "time_spent_on_fire": 8.763055555555555, "final_blows_most_in_game": 31.0, "teleporter_pad_destroyed": 1.0, "medals_gold": 445.0, "defensive_assists_most_in_game": 15.0, "time_spent_on_fire_most_in_game": 0.13694444444444445, "multikill_best": 4.0, "healing_done_most_in_game": 8796.0, "deaths": 1799.0, "offensive_assists_most_in_game": 11.0, "damage_done_most_in_game": 19485.0, "games_won": 200.0, "defensive_assists": 230.0, "cards": 150.0, "environmental_deaths": 36.0, "kpd": 2.72, "melee_final_blows": 33.0, "solo_kills_most_in_game": 31.0, "objective_kills_most_in_game": 27.0, "solo_kills": 844.0, "environmental_kills": 20.0, "eliminations_most_in_game": 42.0, "healing_done": 443569.0, "medals_silver": 367.0, "objective_time_most_in_game": 0.06027777777777778, "time_played": 40.0, "damage_done": 1838065.0, "recon_assists": 21.0, "multikills": 42.0, "melee_final_blows_most_in_game": 2.0, "medals": 1092.0, "offensive_assists": 117.0}}}, "heroes": {"playtime": {"competitive": {}, "quickplay": {}}, "stats": {"competitive": {}, "quickplay": {}}}}, "eu": {"achievements": {}, "stats": {"competitive": {"competitive": true, "average_stats": {"deaths_avg": 8.0, "objective_time_avg": 0.017777777777777778, "time_spent_on_fire_avg": 0.10416666666666667, "solo_kills_avg": 4.0, "objective_kills_avg": 16.0, "final_blows_avg": 23.0, "eliminations_avg": 34.0, "damage_done_avg": 10802.0}, "overall_stats": {"level": 7, "losses": 0, "prestige": 1, "rank_image": "https://blzgdapipro-a.akamaihd.net/game/playerlevelrewards/0x0250000000000922_Border.png", "wins": 1, "avatar": "https://blzgdapipro-a.akamaihd.net/game/unlocks/0x0250000000000BC4.png", "games": 1, "ties": 0, "comprank": null, "win_rate": 100, "tier": null}, "game_stats": {"final_blows": 23.0, "objective_kills": 16.0, "eliminations": 34.0, "objective_time": 0.017777777777777778, "card": 1.0, "time_spent_on_fire": 0.10416666666666667, "final_blows_most_in_game": 23.0, "multikills": 2.0, "medals_gold": 3.0, "time_spent_on_fire_most_in_game": 0.10416666666666667, "multikill_best": 3.0, "games_won": 1.0, "solo_kills": 4.0, "damage_done_most_in_game": 10802.0, "kpd": 4.25, "solo_kills_most_in_game": 23.0, "objective_kills_most_in_game": 16.0, "eliminations_most_in_game": 34.0, "deaths": 8.0, "objective_time_most_in_game": 0.017777777777777778, "time_played": 0.18333333333333332, "damage_done": 10802.0, "games_played": 1.0, "medals": 3.0}}, "quickplay": {"competitive": false, "average_stats": {"deaths_avg": 5.45, "healing_done_avg": 1484.0, "melee_final_blows_avg": 0.12, "defensive_assists_avg": 1.0, "objective_kills_avg": 5.24, "final_blows_avg": 8.05, "eliminations_avg": 14.45, "recon_assists_avg": 0.0, "offensive_assists_avg": 1.0, "time_spent_on_fire_avg": 0.027777777777777776, "solo_kills_avg": 2.41, "objective_time_avg": 0.010277777777777778, "damage_done_avg": 5477.0}, "overall_stats": {"level": 7, "prestige": 1, "rank_image": "https://blzgdapipro-a.akamaihd.net/game/playerlevelrewards/0x0250000000000922_Border.png", "wins": 242, "avatar": "https://blzgdapipro-a.akamaihd.net/game/unlocks/0x0250000000000BC4.png", "comprank": null, "tier": null}, "game_stats": {"final_blows": 3487.0, "objective_kills": 2272.0, "eliminations": 6257.0, "medals_bronze": 332.0, "objective_time": 4.511111111111111, "time_spent_on_fire": 12.07611111111111, "final_blows_most_in_game": 31.0, "teleporter_pad_destroyed": 1.0, "medals_gold": 575.0, "defensive_assists_most_in_game": 19.0, "time_spent_on_fire_most_in_game": 0.14833333333333334, "multikill_best": 4.0, "healing_done_most_in_game": 10408.0, "deaths": 2360.0, "offensive_assists_most_in_game": 26.0, "damage_done_most_in_game": 19485.0, "games_won": 242.0, "defensive_assists": 421.0, "cards": 191.0, "environmental_deaths": 53.0, "kpd": 2.65, "melee_final_blows": 55.0, "solo_kills_most_in_game": 31.0, "objective_kills_most_in_game": 27.0, "solo_kills": 1046.0, "environmental_kills": 30.0, "eliminations_most_in_game": 45.0, "healing_done": 642503.0, "medals_silver": 464.0, "recon_assists_most_in_game": 2.0, "objective_time_most_in_game": 0.06027777777777778, "time_played": 52.0, "damage_done": 2371721.0, "recon_assists": 21.0, "multikills": 52.0, "melee_final_blows_most_in_game": 3.0, "medals": 1371.0, "offensive_assists": 234.0}}}, "heroes": {"playtime": {"competitive": {}, "quickplay": {}}, "stats": {"competitive": {}, "quickplay": {}}}}}
