"JSONcreated_at","id","text","user.id","user.name","user.screen_name","user.location","user.followers_count","user.friends_count","user.created_at","user.time_zone","user.profile_background_color","user.profile_image_url","user.favourites_count","user.statuses_count","geo","coordinates","retweet_count"
,857437625258397700,"RT @vminissi: [97line gc]\njk: hey are u dtf\nyugyeom: what\njk: dtf. down to fight\nyugyeom: .... what\njk: play overwatch\nyugyeom: WHY DONT U…",4702878493,"kuenzang","kuenzzz","",122,29,"Sun Jan 03 13:27:41 +0000 2016",,"F5F8FA","http://pbs.twimg.com/profile_images/848632552210542593/TZCQdTqI_normal.jpg",26669,9628,,,1416
,857437613921357800,"psst, get overwatch https://t.co/Us21ZXTguM",946711562,"It's High Noon","cammicola","Waukegan, IL",949,432,"Tue Nov 13 23:28:26 +0000 2012","Pacific Time (US & Canada)","C0DEED","http://pbs.twimg.com/profile_images/856153303809486853/ZL-S2iNj_normal.jpg",29776,111537,,,0
,857437605998338000,"RT @maojint: every rein battle ever #overwatch https://t.co/PVhTovXjRR",710076954,"Oki","FabledOki","",38,102,"Sun Jul 22 04:22:25 +0000 2012",,"C0DEED","http://pbs.twimg.com/profile_images/852562473911799810/rSBWqEP7_normal.jpg",963,851,,,275
,857437604777791500,"i always forget i started my overwatch life as a mccree main instead of a jaded healer and every time i play him it's like coming Home",38320686,"poe's my boy","gayjamesbond","cloud city, bespin",301,152,"Thu May 07 00:33:01 +0000 2009","Eastern Time (US & Canada)","ACDED6","http://pbs.twimg.com/profile_images/831735102241509376/6GNKKT_J_normal.jpg",46796,61713,,,0
,857437576440971300,"I added a video to a @YouTube playlist https://t.co/WJRiZ2S9S9 Overwatch - Unbelievable Wombo Combos",2436095862,"ItzCholoBoyz","SaltyCholo69","Fayetteville, PA",84,376,"Wed Apr 09 22:02:59 +0000 2014","Atlantic Time (Canada)","000000","http://pbs.twimg.com/profile_images/824423186775339010/M8RCrEZ5_normal.jpg",60,384,,,0
,857437574683443200,"RT @noranb_: th: tell me when you're done\njk: so we can play overwatch?\nth: no \n\nthen what tae",629232728,"Kitkatkat","cathe_widyasari","",125,286,"Sat Jul 07 11:08:01 +0000 2012","Bangkok","000000","http://pbs.twimg.com/profile_images/855456959482298368/5BTjleg4_normal.jpg",1512,1934,,,1830
,857437566773207000,"Gostei de um vídeo @YouTube https://t.co/Co3ZbZ1cZH SKIN DA D.VA + CAIXAS GRATUÍTAS + ONI GENJI VOLTOU! - Central Overwatch",2480772499,"Coelhagame","MisterigGames","",32,61,"Tue May 06 23:58:29 +0000 2014","Brasilia","C0DEED","http://pbs.twimg.com/profile_images/583836352174776320/1frOImQE_normal.png",7,2062,,,0
,857437563426144300,"RT @GucciGlenn10: Come hang out in this chill ass stream! @MudkipMama is playing overwatch with @TheNickieFlare. https://t.co/Tv4wcK2ctT",23226445,"VegasJamie","MudkipMama","Crazytown ",6988,219,"Sat Mar 07 19:42:44 +0000 2009","Central Time (US & Canada)","000000","http://pbs.twimg.com/profile_images/849379505554829312/aPoq9P-v_normal.jpg",12583,71387,,,2
,857437554240622600,"massage #camgirl #teen miakhalifa #cartoon #mom #stepmom webcam #stepsister threesome overwatch #lesbian #hentai https://t.co/62oUqMXZCc",849103620939427800,"️ Angelica 🍸","DR0x7dF99rS17CT","",18,20,"Tue Apr 04 03:37:33 +0000 2017","Pacific Time (US & Canada)","F5F8FA","http://pbs.twimg.com/profile_images/855485223341051904/wMTtCdxc_normal.jpg",0,1141,,,0
,857437553548513300,"@gh0stmaw Casey's Overwatch ASMR: Episode 1",428694544,"ember, yo 🐉","irldragon","she // they",477,317,"Mon Dec 05 02:26:26 +0000 2011","London","DBE9ED","http://pbs.twimg.com/profile_images/844650089381531653/odDkCtkk_normal.jpg",21609,96280,,,0
,857437545734578200,"I liked a @YouTube video https://t.co/aN08uhyTiX Why Overwatch’s Widowmaker Won’t Always Be Blue! (Because Science w/ Kyle Hill)",2397123005,"ChozoWolf","ChozoGirl","Phaaze ",130,233,"Sun Mar 09 16:07:01 +0000 2014",,"000000","http://pbs.twimg.com/profile_images/840097228995743744/Q31-o_zI_normal.jpg",3890,2069,,,0
,857437542840385500,"RT @Tsenzyounomaou: [Overwatch] ゲンジ-龍神の剣祭り-第4幕[Genji-Ults]\nhttps://t.co/xy8WzbxmDH",2758021518,"黒き女神","nowa_ru11234","",62,71,"Sat Aug 23 07:27:03 +0000 2014",,"C0DEED","http://pbs.twimg.com/profile_images/503084996194623489/xXnBOzMe_normal.jpeg",883,1601,,,1
,857437537635356700,"RT @mrfeelswildride: MLP, SU, Undertale, Homestuck, Overwatch, Night in the Woods, Gravity Falls and Harry Potter as the eight bosses in a…",116347255,"M_Methuselah","M_Methuselah","New York, USA",680,1024,"Mon Feb 22 03:59:25 +0000 2010","Eastern Time (US & Canada)","FF0000","http://pbs.twimg.com/profile_images/625413626975899652/Mx3WdG8P_normal.png",66450,70214,,,33
,857437531620556800,"RT @maojint: every rein battle ever #overwatch https://t.co/PVhTovXjRR",276096261,"김단역@ぬー民","Nuxtra_","AREA NU",162,120,"Sat Apr 02 16:57:06 +0000 2011","Seoul","000000","http://pbs.twimg.com/profile_images/854491118200803328/uHMf9nrO_normal.jpg",6483,191336,,,275
,857437524884697100,"Wow 24 Eliminations w 0 Deaths ;) #Overwatch #BabyDva #PS4share\n\nhttps://t.co/SqVYYstz4O https://t.co/6GPNEJR99K",230813397,"SneakyBoyProductions","Gregwill11","Park Forest, IL",1065,2099,"Sun Dec 26 19:23:45 +0000 2010","Central Time (US & Canada)","131516","http://pbs.twimg.com/profile_images/692574655312310272/nskYX3EP_normal.jpg",2667,13679,,,0
,857437520715550700,"I liked a @YouTube video https://t.co/DYzPbihs21 DaddyOFive might be ARRESTED! #DramaAlert Overwatch Pro Says N-word 75 Times!",1005349274,"Christian Kellogg","Kellogg181","",84,232,"Wed Dec 12 02:09:17 +0000 2012",,"C0DEED","http://pbs.twimg.com/profile_images/742867823035219968/cIrSg1Yk_normal.jpg",638,4998,,,0
,857437500851101700,"RT @_watsu: Did these people forget that 80% of Overwatch's cast was in the military, including D.va herself? https://t.co/karQhYl7na",1013015174,"mop @ mikejima(ma)","x5ritis","shitposting from my lair",343,424,"Sat Dec 15 11:27:43 +0000 2012","Sydney","FFDCCC","http://pbs.twimg.com/profile_images/857044283731222529/XsKowCRH_normal.jpg",38437,130062,,,454
,857437498292674600,"RT @maojint: every rein battle ever #overwatch https://t.co/PVhTovXjRR",807151797949190100,"에이스가 각성을 한대!!","marinkarinmarin","프로필을 제발 읽어주세요!",96,166,"Fri Dec 09 09:15:59 +0000 2016","Pacific Time (US & Canada)","000000","http://pbs.twimg.com/profile_images/857200106449190912/Sbe9xtzQ_normal.jpg",7413,14854,,,275
,857437487354052600,"RT @GucciGlenn10: Come hang out in this chill ass stream! @MudkipMama is playing overwatch with @TheNickieFlare. https://t.co/Tv4wcK2ctT",4665096752,"Nickie Valentine","TheNickieFlare","Atlanta, GA",5325,471,"Mon Dec 28 03:49:57 +0000 2015","Pacific Time (US & Canada)","000000","http://pbs.twimg.com/profile_images/843314834095726593/MAnostsk_normal.jpg",18359,35045,,,2
,857437485223342100,"RT @ProfessorShyguy: I'm learning some Overwatch.  Finally gave in...\nStreaming on @Beam\nhttps://t.co/ry1RpUbY6S",621734403,"matt pickard","MattsNeetWorld","United States",3774,3751,"Fri Jun 29 07:07:07 +0000 2012","Eastern Time (US & Canada)","F2F4F5","http://pbs.twimg.com/profile_images/850528466076405760/LtmKOmOB_normal.jpg",11121,7838,,,1
,857437484896092200,"Meu Melhor momento em Overwatch: https://t.co/L4ZrBfEqK1 via @YouTube",117729305,"King in the North","Nando_Sonny","SP, longe de você",890,282,"Fri Feb 26 12:25:43 +0000 2010","Brasilia","022330","http://pbs.twimg.com/profile_images/852539134468141057/a4qH1ZPb_normal.jpg",1276,55740,,,0
,857437467070402600,"RT @KentaroPJJ: Here's a fixed version! #Dva #OfficerDVa #Heroesofthestorm #Overwatch https://t.co/NjvMFY2htY",21160923,"Nephele ✨","Nephelegaming","Cleveland, TN",496,417,"Wed Feb 18 02:34:28 +0000 2009","Eastern Time (US & Canada)","000000","http://pbs.twimg.com/profile_images/854089099719958528/3bReHK3-_normal.jpg",9283,5243,,,15
,857437428180635600,"Time for some late night #hookups #hookem #hooked #hookedonafeeling with #overwatch and #Roadhog https://t.co/Wgqg6RkoHS",3230273142,"Jason Neto","MakeMeARobot1","Olympia, WA",253,195,"Sat May 30 04:00:29 +0000 2015",,"000000","http://pbs.twimg.com/profile_images/604506208028884993/-JFLzu49_normal.jpg",4322,1506,,,0
,857437424976359400,"The Widow's Kiss - Overwatch Montage #2: https://t.co/NoxGoq2gBa via @YouTube",362259086,"Rebel 🍊","SFRebellion77","California, USA",321,287,"Fri Aug 26 03:07:33 +0000 2011","Pacific Time (US & Canada)","022330","http://pbs.twimg.com/profile_images/836499963836149760/yc_Y0-OS_normal.jpg",3240,2994,,,0
,857437418525294600,"RT @mmmagnolia: You're under arrest #overwatch https://t.co/mQCFnBGkk3",818117098475909100,"내인생이야 다 꺼져No_named","No_named01","",7,17,"Sun Jan 08 15:28:10 +0000 2017",,"F5F8FA","http://pbs.twimg.com/profile_images/818119469415350274/zO04N6l2_normal.jpg",100,1906,,,2774
,857437400108347400,"#Breaking_News (Blizzard Confirms 3 New Maps Are Coming To Overwatch) - https://t.co/AvNXdE58fc via #Indilens https://t.co/UozozrkzrD",2277874868,"Indilens","Indilens","India",15515,181,"Sun Jan 05 17:23:19 +0000 2014","Pacific Time (US & Canada)","C0DEED","http://pbs.twimg.com/profile_images/423169136890347520/TPGf0Ehj_normal.jpeg",92,56672,,,0
,857437396685791200,"A skin thunder guard zarya precisa existir no overwatch.",56737581,"Yuuko","LegendOfSenpai","Alasca, USA",1595,319,"Tue Jul 14 16:17:12 +0000 2009","Brasilia","000000","http://pbs.twimg.com/profile_images/854187760952979456/2UyjJcnd_normal.jpg",2592,151315,,,0
,857437395297357800,"RT @Obasoku_gg: 【オーバーウォッチ】Nexus Challenge2.0キタ━(ﾟ∀ﾟ)━！！D.VAに新スキンや鬼ゲンジを取り逃した人でもチャンスが到来！また、HotSとコラボした短編アニメージョンも公開\n#オーバーウォッチ　#Overwatch\nhttps:…",330871789,"お姉ちゃん👾👾","rikosister","千葉県松戸市",1043,435,"Thu Jul 07 08:47:16 +0000 2011","Hawaii","000000","http://pbs.twimg.com/profile_images/848471135561728000/NaM7p8KA_normal.jpg",2009,58294,,,1131
,857437380487270400,"Overwatch? yes please! @ThatsSoBrandon https://t.co/Ykt5XEI88N",720464113319682000,"If You Seek Amy","griffin_cheri","",68,74,"Thu Apr 14 04:10:05 +0000 2016",,"000000","http://pbs.twimg.com/profile_images/817818545237147649/_3udT6l0_normal.jpg",404,133,,,0
,857437369175203800,"โอโห overwatch เวอร์กุกวี",3181871606,"☼ㅂㅁ","bmnutt_","Golden Closet",141,592,"Fri May 01 15:16:35 +0000 2015","Pacific Time (US & Canada)","ABB8C2","http://pbs.twimg.com/profile_images/852177742330081280/o-StXpVU_normal.jpg",4435,42161,,,0
,857437368323846100,"RT @mmmagnolia: You're under arrest #overwatch https://t.co/mQCFnBGkk3",3319011148,"Mr.Monttu","MrMonttu","Etelä-Savo, Suomi",457,663,"Thu Jun 11 13:30:10 +0000 2015","Helsinki","000000","http://pbs.twimg.com/profile_images/778971891642040320/5aDbhHaH_normal.jpg",10794,8959,,,2774
,857437367233368000,"Check out my broadcast from my PlayStation 4! #PS4live (Overwatch: Origins Edition)#PSN #PS4 #gaming #Dva  live at https://t.co/YGe7PSqLdo",362274201,"OdinSenpai","Odin_Senpai","New York, NY",85,175,"Fri Aug 26 03:46:50 +0000 2011","Eastern Time (US & Canada)","000000","http://pbs.twimg.com/profile_images/754167969639456768/dL5VnWZS_normal.jpg",933,362,,,0
,857437365052350500,"let´s play Overwatch/ zum glück war es schnell vorbei: https://t.co/o23BlEO2sI über @YouTube",125812115,"Fina","Finalein","Kiel",74,34,"Tue Mar 23 23:27:45 +0000 2010","Pacific Time (US & Canada)","000000","http://pbs.twimg.com/profile_images/809788506432303104/uLzJWwOh_normal.jpg",852,1135,,,0
,857437362875285500,"RT @KentaroPJJ: Here's a fixed version! #Dva #OfficerDVa #Heroesofthestorm #Overwatch https://t.co/NjvMFY2htY",1677108648,"Umlaut [NTG]","mogsaddiction","Ner'zhul US, MEKA for Hire. :p",1693,1644,"Sat Aug 17 02:33:05 +0000 2013","America/Los_Angeles","EBEBEB","http://pbs.twimg.com/profile_images/854737773059653632/kfFQy15-_normal.jpg",47461,36612,,,15
,857437340104630300,"Ich habe ein Video zu einer @YouTube-Playlist hinzugefügt: https://t.co/o23BlEO2sI let´s play Overwatch/ zum glück war es schnell",125812115,"Fina","Finalein","Kiel",74,34,"Tue Mar 23 23:27:45 +0000 2010","Pacific Time (US & Canada)","000000","http://pbs.twimg.com/profile_images/809788506432303104/uLzJWwOh_normal.jpg",852,1135,,,0
,857437331829149700,"RT @DAHT_: 조금 늦었지만 경찰디바\n#Dva #Overwatch https://t.co/WjwS9rK7oV",1714031539,"💖Rodimus' Husband💖","Kitatha","California",373,546,"Fri Aug 30 23:34:29 +0000 2013","Pacific Time (US & Canada)","89C9FA","http://pbs.twimg.com/profile_images/848209040349970433/L0fa5st4_normal.jpg",98843,109006,,,232
,857437327299289100,"RT @Miss_Kiwa: Have some Pharmacy love &lt;3 #Pharmercy #Overwatch https://t.co/zbnfpgEerA",4451638813,"몰즈","Mememolz","",10,229,"Fri Dec 04 09:45:52 +0000 2015",,"C0DEED","http://pbs.twimg.com/profile_images/821730308097601537/idr-0PS9_normal.jpg",2501,348,,,50
,857437321200664600,"RT @maojint: every rein battle ever #overwatch https://t.co/PVhTovXjRR",3001199226,"황햐🌅","gktptls3256","",292,275,"Thu Jan 29 12:39:24 +0000 2015",,"C0DEED","http://pbs.twimg.com/profile_images/855778687035228161/u1Z9HZ1O_normal.jpg",2468,10500,,,275
,857437317140811800,"My second @turtlebeach headset in 6 months is dead. Guess I didn't need to talk to my Overwatch team then...",60723304,"Dale","RequiemRainBaka","",66,115,"Mon Jul 27 22:00:48 +0000 2009","Eastern Time (US & Canada)","C0DEED","http://pbs.twimg.com/profile_images/2999566515/ba93922e72b28856d2b9e60f9bd87914_normal.jpeg",139,7066,,,0
,857437309167259600,"RT @_watsu: Did these people forget that 80% of Overwatch's cast was in the military, including D.va herself? https://t.co/karQhYl7na",2263537772,"♡wen♡","wenylli","",561,735,"Fri Dec 27 00:46:16 +0000 2013","Central Time (US & Canada)","C0DEED","http://pbs.twimg.com/profile_images/857102353945833474/iX8vkYIS_normal.jpg",25446,79469,,,454
,857437282877526000,"RT @NomadsEric: I added a video to a @YouTube playlist https://t.co/KcXzhwOpNp Overwatch #1: All Aboard The Reinhardt Train!!!!",1419605370,"MVP 🐐","MVPJMWH","Norfolk, Va",142,638,"Sat May 11 03:00:27 +0000 2013","Eastern Time (US & Canada)","000000","http://pbs.twimg.com/profile_images/852564298777980929/PN8ZUoZl_normal.jpg",4396,3362,,,1
,857437280134463500,"RT @IanSong00: #overwatch #AngelaZiegler #Mercy Draw a battle Angel~ https://t.co/2hzCkidsT5",3416074677,"strangelove.","_widowmakers","effy ★ 20 ★ gaming account",28,86,"Tue Aug 11 20:28:53 +0000 2015","Pacific Time (US & Canada)","000000","http://pbs.twimg.com/profile_images/857430925231181824/lQUEsgXL_normal.jpg",679,3697,,,70
,857437279635112000,"RT @maojint: every rein battle ever #overwatch https://t.co/PVhTovXjRR",2271022850,"튜라/tura (ㅠ)","dodoYang_","",113,89,"Wed Jan 01 01:34:45 +0000 2014","Pacific Time (US & Canada)","000000","http://pbs.twimg.com/profile_images/854946704667197440/xVAbif8u_normal.jpg",4010,4960,,,275
,857437275659132900,"RT @FaZeZombs: pro overwatch https://t.co/DFLAmeSu15",772175208077590500,"strix","sighborgs","would die for kari lehtonen",52,422,"Sat Sep 03 20:51:30 +0000 2016","Pacific Time (US & Canada)","000000","http://pbs.twimg.com/profile_images/846156036805279744/TG77NNWd_normal.jpg",1179,1101,,,109
,857437263466201100,"RT @maojint: every rein battle ever #overwatch https://t.co/PVhTovXjRR",4747095795,"🌙","asap_kaymigos","Castle Krakenburg, Nohr",270,289,"Fri Jan 08 19:11:38 +0000 2016","Pacific Time (US & Canada)","000000","http://pbs.twimg.com/profile_images/853653367993888768/PLSb7iU9_normal.jpg",5412,67355,,,275
,857437257954762800,"RT @fiofuao: Dva警官好！#overwatch   👮🏻‍♀️ https://t.co/OUkQMEX9Xo",1677108648,"Umlaut [NTG]","mogsaddiction","Ner'zhul US, MEKA for Hire. :p",1693,1644,"Sat Aug 17 02:33:05 +0000 2013","America/Los_Angeles","EBEBEB","http://pbs.twimg.com/profile_images/854737773059653632/kfFQy15-_normal.jpg",47461,36612,,,1
,857437246416449500,"RT @Dashiana: Oni Genji for @itsMekyu! Good luck in the Nexus, y'all! ♥️ #genji #heroesofthestorm #Overwatch @BlizzHeroes @PlayOverwatch ht…",707148895,"Mr.Torture","JesterManuel","Portugal",21,183,"Fri Jul 20 13:33:55 +0000 2012",,"C0DEED","http://pbs.twimg.com/profile_images/812339963455012864/Vrpb2pgh_normal.jpg",218,776,,,28
,857437243824373800,"RT @forelsketforbts: Los personajes de sakura card captor versión overwatch, ahí si me lanzo una partida con jungkook https://t.co/fVbuHoJi…",772192679144722400,"육군 🌙","_Akaloved_","彼の心に。",273,848,"Sat Sep 03 22:00:56 +0000 2016",,"000000","http://pbs.twimg.com/profile_images/847886437538201601/mXleSRu1_normal.jpg",4899,1112,,,5
,857437241316081700,"I liked a @YouTube video https://t.co/et09oLkldK DaddyOFive might be ARRESTED! #DramaAlert Overwatch Pro Says N-word 75 Times!",846912246714454000,"BruhitsFar","KpopTrainee","Florida, USA",1,17,"Wed Mar 29 02:29:49 +0000 2017",,"000000","http://pbs.twimg.com/profile_images/846913313887838208/R1QBQGXU_normal.jpg",3,26,,,0
,857437220298514400,"RT @DJJevity: Finally got a quad kill with Orisa! She's super dirty! #Overwatch #Orisa https://t.co/NiRhNttiYR",160760265,"osdepoulet","osdepouletsays","Québec, Canada",1485,462,"Tue Jun 29 02:02:48 +0000 2010","Quito","000000","http://pbs.twimg.com/profile_images/803336762642796545/6Au1uRvi_normal.jpg",986,65880,,,1