[{"created_at":"Wed Apr 26 18:06:00 +0000 2017","id":857294706006536200,"id_str":"857294706006536193","text":"RT @TroyInnovation: @TroyInnovation and @TVCOG are sponsoring site for RPI's 2017 GameFest for @troynightout! Come enjoy virtual reality an…","truncated":false,"entities":{"hashtags":[],"symbols":[],"user_mentions":[{"screen_name":"TroyInnovation","name":"TroyInnovationGarage","id":4075333517,"id_str":"4075333517","indices":[3,18]},{"screen_name":"TroyInnovation","name":"TroyInnovationGarage","id":4075333517,"id_str":"4075333517","indices":[20,35]},{"screen_name":"TVCOG","name":"TVCOG","id":1316876850,"id_str":"1316876850","indices":[40,46]},{"screen_name":"troynightout","name":"Troy Night Out","id":22162410,"id_str":"22162410","indices":[95,108]}],"urls":[]},"metadata":{"iso_language_code":"en","result_type":"recent"},"source":"<a href=\"http://twitter.com\" rel=\"nofollow\">Twitter Web Client</a>","in_reply_to_status_id":null,"in_reply_to_status_id_str":null,"in_reply_to_user_id":null,"in_reply_to_user_id_str":null,"in_reply_to_screen_name":null,"user":{"id":47032483,"id_str":"47032483","name":"Troy Web Consulting","screen_name":"troyweb1","location":"Troy, NY","description":"We are a custom software development firm with a history of bringing agile solutions to market, with a 360° vision of Security, Performance and Stability.","url":"http://t.co/syFCwYloj9","entities":{"url":{"urls":[{"url":"http://t.co/syFCwYloj9","expanded_url":"http://www.troyweb.com","display_url":"troyweb.com","indices":[0,22]}]},"description":{"urls":[]}},"protected":false,"followers_count":171,"friends_count":280,"listed_count":11,"created_at":"Sun Jun 14 04:27:02 +0000 2009","favourites_count":63,"utc_offset":-18000,"time_zone":"Quito","geo_enabled":false,"verified":false,"statuses_count":338,"lang":"en","contributors_enabled":false,"is_translator":false,"is_translation_enabled":false,"profile_background_color":"000000","profile_background_image_url":"http://abs.twimg.com/images/themes/theme1/bg.png","profile_background_image_url_https":"https://abs.twimg.com/images/themes/theme1/bg.png","profile_background_tile":false,"profile_image_url":"http://pbs.twimg.com/profile_images/838781313855389700/Q0JNiSzZ_normal.jpg","profile_image_url_https":"https://pbs.twimg.com/profile_images/838781313855389700/Q0JNiSzZ_normal.jpg","profile_banner_url":"https://pbs.twimg.com/profile_banners/47032483/1490715498","profile_link_color":"F68B42","profile_sidebar_border_color":"000000","profile_sidebar_fill_color":"000000","profile_text_color":"000000","profile_use_background_image":false,"has_extended_profile":false,"default_profile":false,"default_profile_image":false,"following":false,"follow_request_sent":false,"notifications":false,"translator_type":"none"},"geo":null,"coordinates":null,"place":null,"contributors":null,"retweeted_status":{"created_at":"Tue Apr 25 15:29:33 +0000 2017","id":856892945433231400,"id_str":"856892945433231364","text":"@TroyInnovation and @TVCOG are sponsoring site for RPI's 2017 GameFest for @troynightout! Come enjoy virtual realit… https://t.co/2wzgbGjkhg","truncated":true,"entities":{"hashtags":[],"symbols":[],"user_mentions":[{"screen_name":"TroyInnovation","name":"TroyInnovationGarage","id":4075333517,"id_str":"4075333517","indices":[0,15]},{"screen_name":"TVCOG","name":"TVCOG","id":1316876850,"id_str":"1316876850","indices":[20,26]},{"screen_name":"troynightout","name":"Troy Night Out","id":22162410,"id_str":"22162410","indices":[75,88]}],"urls":[{"url":"https://t.co/2wzgbGjkhg","expanded_url":"https://twitter.com/i/web/status/856892945433231364","display_url":"twitter.com/i/web/status/8…","indices":[117,140]}]},"metadata":{"iso_language_code":"en","result_type":"recent"},"source":"<a href=\"http://twitter.com\" rel=\"nofollow\">Twitter Web Client</a>","in_reply_to_status_id":null,"in_reply_to_status_id_str":null,"in_reply_to_user_id":4075333517,"in_reply_to_user_id_str":"4075333517","in_reply_to_screen_name":"TroyInnovation","user":{"id":4075333517,"id_str":"4075333517","name":"TroyInnovationGarage","screen_name":"TroyInnovation","location":"Troy, NY","description":"A entrepreneurial ecosystem for creatives. #coworking and a non-profit #incubator. Created by @tomnardacci #sparkingcreativity. Flexible Workspace + Community","url":"https://t.co/GncMzV9gBl","entities":{"url":{"urls":[{"url":"https://t.co/GncMzV9gBl","expanded_url":"http://troyinnovationgarage.com","display_url":"troyinnovationgarage.com","indices":[0,23]}]},"description":{"urls":[]}},"protected":false,"followers_count":1222,"friends_count":1948,"listed_count":64,"created_at":"Fri Oct 30 13:10:05 +0000 2015","favourites_count":507,"utc_offset":null,"time_zone":null,"geo_enabled":true,"verified":false,"statuses_count":1631,"lang":"en","contributors_enabled":false,"is_translator":false,"is_translation_enabled":false,"profile_background_color":"000000","profile_background_image_url":"http://abs.twimg.com/images/themes/theme1/bg.png","profile_background_image_url_https":"https://abs.twimg.com/images/themes/theme1/bg.png","profile_background_tile":false,"profile_image_url":"http://pbs.twimg.com/profile_images/775481730937548800/mbPTbCBB_normal.jpg","profile_image_url_https":"https://pbs.twimg.com/profile_images/775481730937548800/mbPTbCBB_normal.jpg","profile_banner_url":"https://pbs.twimg.com/profile_banners/4075333517/1489429839","profile_link_color":"FF54A7","profile_sidebar_border_color":"000000","profile_sidebar_fill_color":"000000","profile_text_color":"000000","profile_use_background_image":false,"has_extended_profile":false,"default_profile":false,"default_profile_image":false,"following":false,"follow_request_sent":false,"notifications":false,"translator_type":"none"},"geo":null,"coordinates":null,"place":null,"contributors":null,"is_quote_status":false,"retweet_count":2,"favorite_count":2,"favorited":false,"retweeted":false,"possibly_sensitive":false,"lang":"en"},"is_quote_status":false,"retweet_count":2,"favorite_count":0,"favorited":false,"retweeted":false,"lang":"en"},{"created_at":"Wed Apr 26 17:04:13 +0000 2017","id":857279158266855400,"id_str":"857279158266855425","text":"RT @rpi: Read about the \"ah-ha moment\" for the #RPI-created @PaperBatteryCompany, which creates \"game changing supercapacitors,\" on page 11…","truncated":false,"entities":{"hashtags":[{"text":"RPI","indices":[47,51]}],"symbols":[],"user_mentions":[{"screen_name":"rpi","name":"Rensselaer","id":188770086,"id_str":"188770086","indices":[3,7]}],"urls":[]},"metadata":{"iso_language_code":"en","result_type":"recent"},"source":"<a href=\"http://twitter.com\" rel=\"nofollow\">Twitter Web Client</a>","in_reply_to_status_id":null,"in_reply_to_status_id_str":null,"in_reply_to_user_id":null,"in_reply_to_user_id_str":null,"in_reply_to_screen_name":null,"user":{"id":17293532,"id_str":"17293532","name":"RPInews","screen_name":"RPInews","location":"Troy, N.Y.","description":"News from Rensselaer Polytechnic Institute. Telling the Rensselaer Story. Showcasing people, programs, and achievements https://t.co/R3yXE23K8h","url":"https://t.co/rqMd43FGRL","entities":{"url":{"urls":[{"url":"https://t.co/rqMd43FGRL","expanded_url":"https://www.facebook.com/RPI.EDU","display_url":"facebook.com/RPI.EDU","indices":[0,23]}]},"description":{"urls":[{"url":"https://t.co/R3yXE23K8h","expanded_url":"http://www.rpi.edu/news","display_url":"rpi.edu/news","indices":[120,143]}]}},"protected":false,"followers_count":5390,"friends_count":1465,"listed_count":226,"created_at":"Mon Nov 10 19:59:08 +0000 2008","favourites_count":2703,"utc_offset":-14400,"time_zone":"Eastern Time (US & Canada)","geo_enabled":true,"verified":false,"statuses_count":4381,"lang":"en","contributors_enabled":false,"is_translator":false,"is_translation_enabled":false,"profile_background_color":"323338","profile_background_image_url":"http://pbs.twimg.com/profile_background_images/51300440/Twit_background_6_copy.jpg","profile_background_image_url_https":"https://pbs.twimg.com/profile_background_images/51300440/Twit_background_6_copy.jpg","profile_background_tile":false,"profile_image_url":"http://pbs.twimg.com/profile_images/64073241/seal_normal.jpg","profile_image_url_https":"https://pbs.twimg.com/profile_images/64073241/seal_normal.jpg","profile_banner_url":"https://pbs.twimg.com/profile_banners/17293532/1443037907","profile_link_color":"E83A3A","profile_sidebar_border_color":"323338","profile_sidebar_fill_color":"F0F0F0","profile_text_color":"000000","profile_use_background_image":false,"has_extended_profile":false,"default_profile":false,"default_profile_image":false,"following":false,"follow_request_sent":false,"notifications":false,"translator_type":"none"},"geo":null,"coordinates":null,"place":null,"contributors":null,"retweeted_status":{"created_at":"Wed Apr 26 14:25:19 +0000 2017","id":857239169826992100,"id_str":"857239169826992129","text":"Read about the \"ah-ha moment\" for the #RPI-created @PaperBatteryCompany, which creates \"game changing supercapacito… https://t.co/WlGTKgE3Yv","truncated":true,"entities":{"hashtags":[{"text":"RPI","indices":[38,42]}],"symbols":[],"user_mentions":[],"urls":[{"url":"https://t.co/WlGTKgE3Yv","expanded_url":"https://twitter.com/i/web/status/857239169826992129","display_url":"twitter.com/i/web/status/8…","indices":[117,140]}]},"metadata":{"iso_language_code":"en","result_type":"recent"},"source":"<a href=\"http://twitter.com\" rel=\"nofollow\">Twitter Web Client</a>","in_reply_to_status_id":null,"in_reply_to_status_id_str":null,"in_reply_to_user_id":null,"in_reply_to_user_id_str":null,"in_reply_to_screen_name":null,"user":{"id":188770086,"id_str":"188770086","name":"Rensselaer","screen_name":"rpi","location":"Troy, NY","description":"The official Twitter feed of Rensselaer Polytechnic Institute, the nation's oldest technological research university.","url":"http://t.co/9I440yVz65","entities":{"url":{"urls":[{"url":"http://t.co/9I440yVz65","expanded_url":"http://www.rpi.edu","display_url":"rpi.edu","indices":[0,22]}]},"description":{"urls":[]}},"protected":false,"followers_count":4206,"friends_count":222,"listed_count":95,"created_at":"Thu Sep 09 15:11:33 +0000 2010","favourites_count":5611,"utc_offset":-10800,"time_zone":"Atlantic Time (Canada)","geo_enabled":true,"verified":false,"statuses_count":1131,"lang":"en","contributors_enabled":false,"is_translator":false,"is_translation_enabled":false,"profile_background_color":"C0DEED","profile_background_image_url":"http://pbs.twimg.com/profile_background_images/460886395024728064/KpDJecRh.jpeg","profile_background_image_url_https":"https://pbs.twimg.com/profile_background_images/460886395024728064/KpDJecRh.jpeg","profile_background_tile":false,"profile_image_url":"http://pbs.twimg.com/profile_images/378800000740342692/0a75809666fff6d29aa82ae801ccaead_normal.jpeg","profile_image_url_https":"https://pbs.twimg.com/profile_images/378800000740342692/0a75809666fff6d29aa82ae801ccaead_normal.jpeg","profile_banner_url":"https://pbs.twimg.com/profile_banners/188770086/1485449085","profile_link_color":"0084B4","profile_sidebar_border_color":"FFFFFF","profile_sidebar_fill_color":"DDEEF6","profile_text_color":"333333","profile_use_background_image":true,"has_extended_profile":false,"default_profile":false,"default_profile_image":false,"following":false,"follow_request_sent":false,"notifications":false,"translator_type":"none"},"geo":null,"coordinates":null,"place":null,"contributors":null,"is_quote_status":true,"quoted_status_id":857224961710329900,"quoted_status_id_str":"857224961710329857","quoted_status":{"created_at":"Wed Apr 26 13:28:51 +0000 2017","id":857224961710329900,"id_str":"857224961710329857","text":"Companies created from federally funded university research fuel U.S. innovation. See 36 #NSFfunded companies:… https://t.co/LYgBoTLD8z","truncated":true,"entities":{"hashtags":[{"text":"NSFfunded","indices":[89,99]}],"symbols":[],"user_mentions":[],"urls":[{"url":"https://t.co/LYgBoTLD8z","expanded_url":"https://twitter.com/i/web/status/857224961710329857","display_url":"twitter.com/i/web/status/8…","indices":[112,135]}]},"metadata":{"iso_language_code":"en","result_type":"recent"},"source":"<a href=\"http://twitter.com\" rel=\"nofollow\">Twitter Web Client</a>","in_reply_to_status_id":null,"in_reply_to_status_id_str":null,"in_reply_to_user_id":null,"in_reply_to_user_id_str":null,"in_reply_to_screen_name":null,"user":{"id":16245822,"id_str":"16245822","name":"National Science Fdn","screen_name":"NSF","location":"Arlington, Virginia","description":"Where Discoveries Begin. Social media policy: https://t.co/arEAsLBd7k","url":"https://t.co/kfcH3JJkaK","entities":{"url":{"urls":[{"url":"https://t.co/kfcH3JJkaK","expanded_url":"http://www.nsf.gov","display_url":"nsf.gov","indices":[0,23]}]},"description":{"urls":[{"url":"https://t.co/arEAsLBd7k","expanded_url":"http://bit.ly/smpnsf","display_url":"bit.ly/smpnsf","indices":[46,69]}]}},"protected":false,"followers_count":1047946,"friends_count":99,"listed_count":10528,"created_at":"Thu Sep 11 19:15:12 +0000 2008","favourites_count":3589,"utc_offset":-14400,"time_zone":"Eastern Time (US & Canada)","geo_enabled":true,"verified":true,"statuses_count":16494,"lang":"en","contributors_enabled":false,"is_translator":false,"is_translation_enabled":false,"profile_background_color":"9AE4E8","profile_background_image_url":"http://pbs.twimg.com/profile_background_images/3022069/bg.gif","profile_background_image_url_https":"https://pbs.twimg.com/profile_background_images/3022069/bg.gif","profile_background_tile":true,"profile_image_url":"http://pbs.twimg.com/profile_images/83610990/nsf1_normal.jpg","profile_image_url_https":"https://pbs.twimg.com/profile_images/83610990/nsf1_normal.jpg","profile_banner_url":"https://pbs.twimg.com/profile_banners/16245822/1493039302","profile_link_color":"3D76D0","profile_sidebar_border_color":"B4B4B4","profile_sidebar_fill_color":"EEF2F8","profile_text_color":"000000","profile_use_background_image":true,"has_extended_profile":false,"default_profile":false,"default_profile_image":false,"following":false,"follow_request_sent":false,"notifications":false,"translator_type":"none"},"geo":null,"coordinates":null,"place":null,"contributors":null,"is_quote_status":false,"retweet_count":15,"favorite_count":15,"favorited":false,"retweeted":false,"possibly_sensitive":false,"lang":"en"},"retweet_count":1,"favorite_count":3,"favorited":false,"retweeted":false,"possibly_sensitive":false,"lang":"en"},"is_quote_status":true,"quoted_status_id":857224961710329900,"quoted_status_id_str":"857224961710329857","retweet_count":1,"favorite_count":0,"favorited":false,"retweeted":false,"lang":"en"},{"created_at":"Wed Apr 26 16:48:02 +0000 2017","id":857275086256164900,"id_str":"857275086256164864","text":"Game day! We're headed to Utica for a DH @ 3:30&amp;5:30 #LGR #engineeREDstrong","truncated":false,"entities":{"hashtags":[{"text":"LGR","indices":[57,61]},{"text":"engineeREDstrong","indices":[62,79]}],"symbols":[],"user_mentions":[],"urls":[]},"metadata":{"iso_language_code":"en","result_type":"recent"},"source":"<a href=\"http://twitter.com/download/iphone\" rel=\"nofollow\">Twitter for iPhone</a>","in_reply_to_status_id":null,"in_reply_to_status_id_str":null,"in_reply_to_user_id":null,"in_reply_to_user_id_str":null,"in_reply_to_screen_name":null,"user":{"id":2397645670,"id_str":"2397645670","name":"RPI Softball","screen_name":"RPI_Softball","location":"Troy, NY","description":"","url":null,"entities":{"description":{"urls":[]}},"protected":false,"followers_count":180,"friends_count":49,"listed_count":2,"created_at":"Sun Mar 09 20:01:33 +0000 2014","favourites_count":91,"utc_offset":-25200,"time_zone":"Pacific Time (US & Canada)","geo_enabled":true,"verified":false,"statuses_count":500,"lang":"en","contributors_enabled":false,"is_translator":false,"is_translation_enabled":false,"profile_background_color":"C0DEED","profile_background_image_url":"http://abs.twimg.com/images/themes/theme1/bg.png","profile_background_image_url_https":"https://abs.twimg.com/images/themes/theme1/bg.png","profile_background_tile":false,"profile_image_url":"http://pbs.twimg.com/profile_images/442755149615071232/mBCFYQNe_normal.jpeg","profile_image_url_https":"https://pbs.twimg.com/profile_images/442755149615071232/mBCFYQNe_normal.jpeg","profile_banner_url":"https://pbs.twimg.com/profile_banners/2397645670/1394398281","profile_link_color":"1DA1F2","profile_sidebar_border_color":"C0DEED","profile_sidebar_fill_color":"DDEEF6","profile_text_color":"333333","profile_use_background_image":true,"has_extended_profile":false,"default_profile":true,"default_profile_image":false,"following":false,"follow_request_sent":false,"notifications":false,"translator_type":"none"},"geo":null,"coordinates":null,"place":null,"contributors":null,"is_quote_status":false,"retweet_count":0,"favorite_count":5,"favorited":false,"retweeted":false,"lang":"en"},{"created_at":"Wed Apr 26 16:15:05 +0000 2017","id":857266792225493000,"id_str":"857266792225492994","text":"RT @rpi: LEDs have potential to end use of pesticides in farming: fascinating research from @LRCupdates' Jaimin Patel #RPI https://t.co/8GI…","truncated":false,"entities":{"hashtags":[{"text":"RPI","indices":[118,122]}],"symbols":[],"user_mentions":[{"screen_name":"rpi","name":"Rensselaer","id":188770086,"id_str":"188770086","indices":[3,7]},{"screen_name":"LRCupdates","name":"LRC","id":136285206,"id_str":"136285206","indices":[92,103]}],"urls":[]},"metadata":{"iso_language_code":"en","result_type":"recent"},"source":"<a href=\"http://twitter.com/download/iphone\" rel=\"nofollow\">Twitter for iPhone</a>","in_reply_to_status_id":null,"in_reply_to_status_id_str":null,"in_reply_to_user_id":null,"in_reply_to_user_id_str":null,"in_reply_to_screen_name":null,"user":{"id":304465024,"id_str":"304465024","name":"Lisa","screen_name":"CyllanLisa","location":"","description":"Closet Nerd","url":null,"entities":{"description":{"urls":[]}},"protected":false,"followers_count":47,"friends_count":141,"listed_count":3,"created_at":"Tue May 24 15:19:18 +0000 2011","favourites_count":31,"utc_offset":-14400,"time_zone":"Eastern Time (US & Canada)","geo_enabled":false,"verified":false,"statuses_count":1060,"lang":"en","contributors_enabled":false,"is_translator":false,"is_translation_enabled":false,"profile_background_color":"C0DEED","profile_background_image_url":"http://abs.twimg.com/images/themes/theme1/bg.png","profile_background_image_url_https":"https://abs.twimg.com/images/themes/theme1/bg.png","profile_background_tile":false,"profile_image_url":"http://pbs.twimg.com/profile_images/432896021622837249/MV4sqwvI_normal.jpeg","profile_image_url_https":"https://pbs.twimg.com/profile_images/432896021622837249/MV4sqwvI_normal.jpeg","profile_link_color":"1DA1F2","profile_sidebar_border_color":"C0DEED","profile_sidebar_fill_color":"DDEEF6","profile_text_color":"333333","profile_use_background_image":true,"has_extended_profile":false,"default_profile":true,"default_profile_image":false,"following":false,"follow_request_sent":false,"notifications":false,"translator_type":"none"},"geo":null,"coordinates":null,"place":null,"contributors":null,"retweeted_status":{"created_at":"Tue Apr 25 20:42:29 +0000 2017","id":856971700117876700,"id_str":"856971700117876741","text":"LEDs have potential to end use of pesticides in farming: fascinating research from @LRCupdates' Jaimin Patel #RPI https://t.co/8GIvOT24Re","truncated":false,"entities":{"hashtags":[{"text":"RPI","indices":[109,113]}],"symbols":[],"user_mentions":[{"screen_name":"LRCupdates","name":"LRC","id":136285206,"id_str":"136285206","indices":[83,94]}],"urls":[{"url":"https://t.co/8GIvOT24Re","expanded_url":"http://bit.ly/2qbVq3f","display_url":"bit.ly/2qbVq3f","indices":[114,137]}]},"metadata":{"iso_language_code":"en","result_type":"recent"},"source":"<a href=\"http://twitter.com\" rel=\"nofollow\">Twitter Web Client</a>","in_reply_to_status_id":null,"in_reply_to_status_id_str":null,"in_reply_to_user_id":null,"in_reply_to_user_id_str":null,"in_reply_to_screen_name":null,"user":{"id":188770086,"id_str":"188770086","name":"Rensselaer","screen_name":"rpi","location":"Troy, NY","description":"The official Twitter feed of Rensselaer Polytechnic Institute, the nation's oldest technological research university.","url":"http://t.co/9I440yVz65","entities":{"url":{"urls":[{"url":"http://t.co/9I440yVz65","expanded_url":"http://www.rpi.edu","display_url":"rpi.edu","indices":[0,22]}]},"description":{"urls":[]}},"protected":false,"followers_count":4206,"friends_count":222,"listed_count":95,"created_at":"Thu Sep 09 15:11:33 +0000 2010","favourites_count":5611,"utc_offset":-10800,"time_zone":"Atlantic Time (Canada)","geo_enabled":true,"verified":false,"statuses_count":1131,"lang":"en","contributors_enabled":false,"is_translator":false,"is_translation_enabled":false,"profile_background_color":"C0DEED","profile_background_image_url":"http://pbs.twimg.com/profile_background_images/460886395024728064/KpDJecRh.jpeg","profile_background_image_url_https":"https://pbs.twimg.com/profile_background_images/460886395024728064/KpDJecRh.jpeg","profile_background_tile":false,"profile_image_url":"http://pbs.twimg.com/profile_images/378800000740342692/0a75809666fff6d29aa82ae801ccaead_normal.jpeg","profile_image_url_https":"https://pbs.twimg.com/profile_images/378800000740342692/0a75809666fff6d29aa82ae801ccaead_normal.jpeg","profile_banner_url":"https://pbs.twimg.com/profile_banners/188770086/1485449085","profile_link_color":"0084B4","profile_sidebar_border_color":"FFFFFF","profile_sidebar_fill_color":"DDEEF6","profile_text_color":"333333","profile_use_background_image":true,"has_extended_profile":false,"default_profile":false,"default_profile_image":false,"following":false,"follow_request_sent":false,"notifications":false,"translator_type":"none"},"geo":null,"coordinates":null,"place":null,"contributors":null,"is_quote_status":false,"retweet_count":2,"favorite_count":3,"favorited":false,"retweeted":false,"possibly_sensitive":false,"lang":"en"},"is_quote_status":false,"retweet_count":2,"favorite_count":0,"favorited":false,"retweeted":false,"lang":"en"},{"created_at":"Wed Apr 26 15:32:39 +0000 2017","id":857256115071053800,"id_str":"857256115071053825","text":"Today: #RPI @EMPACnews will host the first live 4K stream from space featuring @AstroPeggy. See it live! @rpi… https://t.co/fMnq2BCPZs","truncated":true,"entities":{"hashtags":[{"text":"RPI","indices":[7,11]}],"symbols":[],"user_mentions":[{"screen_name":"EMPACnews","name":"EMPAC","id":21758761,"id_str":"21758761","indices":[12,22]},{"screen_name":"AstroPeggy","name":"Peggy Whitson","id":3073871212,"id_str":"3073871212","indices":[79,90]},{"screen_name":"rpi","name":"Rensselaer","id":188770086,"id_str":"188770086","indices":[105,109]}],"urls":[{"url":"https://t.co/fMnq2BCPZs","expanded_url":"https://twitter.com/i/web/status/857256115071053825","display_url":"twitter.com/i/web/status/8…","indices":[111,134]}]},"metadata":{"iso_language_code":"en","result_type":"recent"},"source":"<a href=\"http://twitter.com\" rel=\"nofollow\">Twitter Web Client</a>","in_reply_to_status_id":null,"in_reply_to_status_id_str":null,"in_reply_to_user_id":null,"in_reply_to_user_id_str":null,"in_reply_to_screen_name":null,"user":{"id":17293532,"id_str":"17293532","name":"RPInews","screen_name":"RPInews","location":"Troy, N.Y.","description":"News from Rensselaer Polytechnic Institute. Telling the Rensselaer Story. Showcasing people, programs, and achievements https://t.co/R3yXE23K8h","url":"https://t.co/rqMd43FGRL","entities":{"url":{"urls":[{"url":"https://t.co/rqMd43FGRL","expanded_url":"https://www.facebook.com/RPI.EDU","display_url":"facebook.com/RPI.EDU","indices":[0,23]}]},"description":{"urls":[{"url":"https://t.co/R3yXE23K8h","expanded_url":"http://www.rpi.edu/news","display_url":"rpi.edu/news","indices":[120,143]}]}},"protected":false,"followers_count":5390,"friends_count":1465,"listed_count":226,"created_at":"Mon Nov 10 19:59:08 +0000 2008","favourites_count":2703,"utc_offset":-14400,"time_zone":"Eastern Time (US & Canada)","geo_enabled":true,"verified":false,"statuses_count":4381,"lang":"en","contributors_enabled":false,"is_translator":false,"is_translation_enabled":false,"profile_background_color":"323338","profile_background_image_url":"http://pbs.twimg.com/profile_background_images/51300440/Twit_background_6_copy.jpg","profile_background_image_url_https":"https://pbs.twimg.com/profile_background_images/51300440/Twit_background_6_copy.jpg","profile_background_tile":false,"profile_image_url":"http://pbs.twimg.com/profile_images/64073241/seal_normal.jpg","profile_image_url_https":"https://pbs.twimg.com/profile_images/64073241/seal_normal.jpg","profile_banner_url":"https://pbs.twimg.com/profile_banners/17293532/1443037907","profile_link_color":"E83A3A","profile_sidebar_border_color":"323338","profile_sidebar_fill_color":"F0F0F0","profile_text_color":"000000","profile_use_background_image":false,"has_extended_profile":false,"default_profile":false,"default_profile_image":false,"following":false,"follow_request_sent":false,"notifications":false,"translator_type":"none"},"geo":null,"coordinates":null,"place":null,"contributors":null,"is_quote_status":true,"quoted_status_id":857232815896789000,"quoted_status_id_str":"857232815896788992","quoted_status":{"created_at":"Wed Apr 26 14:00:04 +0000 2017","id":857232815896789000,"id_str":"857232815896788992","text":"Don't miss the first live 4K stream from space featuring @AstroPeggy today at 1:30 p.m. ET! Watch here:… https://t.co/2BoESZxAKs","truncated":true,"entities":{"hashtags":[],"symbols":[],"user_mentions":[{"screen_name":"AstroPeggy","name":"Peggy Whitson","id":3073871212,"id_str":"3073871212","indices":[57,68]}],"urls":[{"url":"https://t.co/2BoESZxAKs","expanded_url":"https://twitter.com/i/web/status/857232815896788992","display_url":"twitter.com/i/web/status/8…","indices":[105,128]}]},"metadata":{"iso_language_code":"en","result_type":"recent"},"source":"<a href=\"https://www.sprinklr.com\" rel=\"nofollow\">Sprinklr</a>","in_reply_to_status_id":null,"in_reply_to_status_id_str":null,"in_reply_to_user_id":null,"in_reply_to_user_id_str":null,"in_reply_to_screen_name":null,"user":{"id":1451773004,"id_str":"1451773004","name":"Intl. Space Station","screen_name":"Space_Station","location":"Low Earth Orbit","description":"NASA's page for updates from the International Space Station, the world-class lab orbiting Earth 250 miles above. For the latest research, follow @ISS_Research.","url":"https://t.co/9Gk2GZYDsP","entities":{"url":{"urls":[{"url":"https://t.co/9Gk2GZYDsP","expanded_url":"http://www.nasa.gov/station","display_url":"nasa.gov/station","indices":[0,23]}]},"description":{"urls":[]}},"protected":false,"followers_count":1507313,"friends_count":231,"listed_count":7499,"created_at":"Thu May 23 15:25:28 +0000 2013","favourites_count":4575,"utc_offset":-18000,"time_zone":"Central Time (US & Canada)","geo_enabled":false,"verified":true,"statuses_count":6728,"lang":"en","contributors_enabled":false,"is_translator":false,"is_translation_enabled":false,"profile_background_color":"C0DEED","profile_background_image_url":"http://pbs.twimg.com/profile_background_images/517439388741931008/iRbQw1ch.jpeg","profile_background_image_url_https":"https://pbs.twimg.com/profile_background_images/517439388741931008/iRbQw1ch.jpeg","profile_background_tile":false,"profile_image_url":"http://pbs.twimg.com/profile_images/822552192875892737/zO1pmxzw_normal.jpg","profile_image_url_https":"https://pbs.twimg.com/profile_images/822552192875892737/zO1pmxzw_normal.jpg","profile_banner_url":"https://pbs.twimg.com/profile_banners/1451773004/1484944540","profile_link_color":"0084B4","profile_sidebar_border_color":"FFFFFF","profile_sidebar_fill_color":"DDEEF6","profile_text_color":"333333","profile_use_background_image":true,"has_extended_profile":false,"default_profile":false,"default_profile_image":false,"following":false,"follow_request_sent":false,"notifications":false,"translator_type":"none"},"geo":null,"coordinates":null,"place":null,"contributors":null,"is_quote_status":false,"retweet_count":150,"favorite_count":422,"favorited":false,"retweeted":false,"possibly_sensitive":false,"lang":"en"},"retweet_count":1,"favorite_count":3,"favorited":false,"retweeted":false,"possibly_sensitive":false,"lang":"en"},{"created_at":"Wed Apr 26 15:09:31 +0000 2017","id":857250291128967200,"id_str":"857250291128967168","text":"#RPI presents @UConn Dr. Jefferey Cohen \"Effect of Rail Rapid Transit on Commercial Property\" JEC 3117 at 2:30pm… https://t.co/aI59CZvkRV","truncated":true,"entities":{"hashtags":[{"text":"RPI","indices":[0,4]}],"symbols":[],"user_mentions":[{"screen_name":"UConn","name":"UConn","id":84327770,"id_str":"84327770","indices":[14,20]}],"urls":[{"url":"https://t.co/aI59CZvkRV","expanded_url":"https://twitter.com/i/web/status/857250291128967168","display_url":"twitter.com/i/web/status/8…","indices":[114,137]}]},"metadata":{"iso_language_code":"en","result_type":"recent"},"source":"<a href=\"http://twitter.com\" rel=\"nofollow\">Twitter Web Client</a>","in_reply_to_status_id":null,"in_reply_to_status_id_str":null,"in_reply_to_user_id":null,"in_reply_to_user_id_str":null,"in_reply_to_screen_name":null,"user":{"id":17293532,"id_str":"17293532","name":"RPInews","screen_name":"RPInews","location":"Troy, N.Y.","description":"News from Rensselaer Polytechnic Institute. Telling the Rensselaer Story. Showcasing people, programs, and achievements https://t.co/R3yXE23K8h","url":"https://t.co/rqMd43FGRL","entities":{"url":{"urls":[{"url":"https://t.co/rqMd43FGRL","expanded_url":"https://www.facebook.com/RPI.EDU","display_url":"facebook.com/RPI.EDU","indices":[0,23]}]},"description":{"urls":[{"url":"https://t.co/R3yXE23K8h","expanded_url":"http://www.rpi.edu/news","display_url":"rpi.edu/news","indices":[120,143]}]}},"protected":false,"followers_count":5390,"friends_count":1465,"listed_count":226,"created_at":"Mon Nov 10 19:59:08 +0000 2008","favourites_count":2703,"utc_offset":-14400,"time_zone":"Eastern Time (US & Canada)","geo_enabled":true,"verified":false,"statuses_count":4381,"lang":"en","contributors_enabled":false,"is_translator":false,"is_translation_enabled":false,"profile_background_color":"323338","profile_background_image_url":"http://pbs.twimg.com/profile_background_images/51300440/Twit_background_6_copy.jpg","profile_background_image_url_https":"https://pbs.twimg.com/profile_background_images/51300440/Twit_background_6_copy.jpg","profile_background_tile":false,"profile_image_url":"http://pbs.twimg.com/profile_images/64073241/seal_normal.jpg","profile_image_url_https":"https://pbs.twimg.com/profile_images/64073241/seal_normal.jpg","profile_banner_url":"https://pbs.twimg.com/profile_banners/17293532/1443037907","profile_link_color":"E83A3A","profile_sidebar_border_color":"323338","profile_sidebar_fill_color":"F0F0F0","profile_text_color":"000000","profile_use_background_image":false,"has_extended_profile":false,"default_profile":false,"default_profile_image":false,"following":false,"follow_request_sent":false,"notifications":false,"translator_type":"none"},"geo":null,"coordinates":null,"place":null,"contributors":null,"is_quote_status":false,"retweet_count":0,"favorite_count":0,"favorited":false,"retweeted":false,"possibly_sensitive":false,"lang":"en"},{"created_at":"Wed Apr 26 14:31:07 +0000 2017","id":857240631365730300,"id_str":"857240631365730304","text":"Nathan Meltz is a Troy-based artist who is a lecturer in the Department of the Arts at @rpi . #troyny #enjoytroy… https://t.co/S9cZ2D3qZp","truncated":true,"entities":{"hashtags":[{"text":"troyny","indices":[94,101]},{"text":"enjoytroy","indices":[102,112]}],"symbols":[],"user_mentions":[{"screen_name":"rpi","name":"Rensselaer","id":188770086,"id_str":"188770086","indices":[87,91]}],"urls":[{"url":"https://t.co/S9cZ2D3qZp","expanded_url":"https://twitter.com/i/web/status/857240631365730304","display_url":"twitter.com/i/web/status/8…","indices":[114,137]}]},"metadata":{"iso_language_code":"en","result_type":"recent"},"source":"<a href=\"http://www.hootsuite.com\" rel=\"nofollow\">Hootsuite</a>","in_reply_to_status_id":null,"in_reply_to_status_id_str":null,"in_reply_to_user_id":null,"in_reply_to_user_id_str":null,"in_reply_to_screen_name":null,"user":{"id":523564347,"id_str":"523564347","name":"WMHT Public Media","screen_name":"WMHTPubMedia","location":"Troy, NY","description":"WMHT is a PBS television station and NPR classical music radio station serving Eastern New York and Western New England.","url":"https://t.co/4N6V1U6Fyl","entities":{"url":{"urls":[{"url":"https://t.co/4N6V1U6Fyl","expanded_url":"http://wmht.org","display_url":"wmht.org","indices":[0,23]}]},"description":{"urls":[]}},"protected":false,"followers_count":3222,"friends_count":1604,"listed_count":184,"created_at":"Tue Mar 13 19:04:28 +0000 2012","favourites_count":7944,"utc_offset":-14400,"time_zone":"Eastern Time (US & Canada)","geo_enabled":true,"verified":false,"statuses_count":26659,"lang":"en","contributors_enabled":false,"is_translator":false,"is_translation_enabled":false,"profile_background_color":"FFFFFF","profile_background_image_url":"http://pbs.twimg.com/profile_background_images/378800000024532924/fa3d7d5b3e65cc7320f73a8a7a33d825.jpeg","profile_background_image_url_https":"https://pbs.twimg.com/profile_background_images/378800000024532924/fa3d7d5b3e65cc7320f73a8a7a33d825.jpeg","profile_background_tile":false,"profile_image_url":"http://pbs.twimg.com/profile_images/796309036215975936/UTg2fRNN_normal.jpg","profile_image_url_https":"https://pbs.twimg.com/profile_images/796309036215975936/UTg2fRNN_normal.jpg","profile_banner_url":"https://pbs.twimg.com/profile_banners/523564347/1492526532","profile_link_color":"0084B4","profile_sidebar_border_color":"FFFFFF","profile_sidebar_fill_color":"DDEEF6","profile_text_color":"333333","profile_use_background_image":true,"has_extended_profile":false,"default_profile":false,"default_profile_image":false,"following":false,"follow_request_sent":false,"notifications":false,"translator_type":"none"},"geo":null,"coordinates":null,"place":null,"contributors":null,"is_quote_status":false,"retweet_count":0,"favorite_count":1,"favorited":false,"retweeted":false,"possibly_sensitive":false,"lang":"en"},{"created_at":"Wed Apr 26 14:25:19 +0000 2017","id":857239169826992100,"id_str":"857239169826992129","text":"Read about the \"ah-ha moment\" for the #RPI-created @PaperBatteryCompany, which creates \"game changing supercapacito… https://t.co/WlGTKgE3Yv","truncated":true,"entities":{"hashtags":[{"text":"RPI","indices":[38,42]}],"symbols":[],"user_mentions":[],"urls":[{"url":"https://t.co/WlGTKgE3Yv","expanded_url":"https://twitter.com/i/web/status/857239169826992129","display_url":"twitter.com/i/web/status/8…","indices":[117,140]}]},"metadata":{"iso_language_code":"en","result_type":"recent"},"source":"<a href=\"http://twitter.com\" rel=\"nofollow\">Twitter Web Client</a>","in_reply_to_status_id":null,"in_reply_to_status_id_str":null,"in_reply_to_user_id":null,"in_reply_to_user_id_str":null,"in_reply_to_screen_name":null,"user":{"id":188770086,"id_str":"188770086","name":"Rensselaer","screen_name":"rpi","location":"Troy, NY","description":"The official Twitter feed of Rensselaer Polytechnic Institute, the nation's oldest technological research university.","url":"http://t.co/9I440yVz65","entities":{"url":{"urls":[{"url":"http://t.co/9I440yVz65","expanded_url":"http://www.rpi.edu","display_url":"rpi.edu","indices":[0,22]}]},"description":{"urls":[]}},"protected":false,"followers_count":4206,"friends_count":222,"listed_count":95,"created_at":"Thu Sep 09 15:11:33 +0000 2010","favourites_count":5611,"utc_offset":-10800,"time_zone":"Atlantic Time (Canada)","geo_enabled":true,"verified":false,"statuses_count":1131,"lang":"en","contributors_enabled":false,"is_translator":false,"is_translation_enabled":false,"profile_background_color":"C0DEED","profile_background_image_url":"http://pbs.twimg.com/profile_background_images/460886395024728064/KpDJecRh.jpeg","profile_background_image_url_https":"https://pbs.twimg.com/profile_background_images/460886395024728064/KpDJecRh.jpeg","profile_background_tile":false,"profile_image_url":"http://pbs.twimg.com/profile_images/378800000740342692/0a75809666fff6d29aa82ae801ccaead_normal.jpeg","profile_image_url_https":"https://pbs.twimg.com/profile_images/378800000740342692/0a75809666fff6d29aa82ae801ccaead_normal.jpeg","profile_banner_url":"https://pbs.twimg.com/profile_banners/188770086/1485449085","profile_link_color":"0084B4","profile_sidebar_border_color":"FFFFFF","profile_sidebar_fill_color":"DDEEF6","profile_text_color":"333333","profile_use_background_image":true,"has_extended_profile":false,"default_profile":false,"default_profile_image":false,"following":false,"follow_request_sent":false,"notifications":false,"translator_type":"none"},"geo":null,"coordinates":null,"place":null,"contributors":null,"is_quote_status":true,"quoted_status_id":857224961710329900,"quoted_status_id_str":"857224961710329857","quoted_status":{"created_at":"Wed Apr 26 13:28:51 +0000 2017","id":857224961710329900,"id_str":"857224961710329857","text":"Companies created from federally funded university research fuel U.S. innovation. See 36 #NSFfunded companies:… https://t.co/LYgBoTLD8z","truncated":true,"entities":{"hashtags":[{"text":"NSFfunded","indices":[89,99]}],"symbols":[],"user_mentions":[],"urls":[{"url":"https://t.co/LYgBoTLD8z","expanded_url":"https://twitter.com/i/web/status/857224961710329857","display_url":"twitter.com/i/web/status/8…","indices":[112,135]}]},"metadata":{"iso_language_code":"en","result_type":"recent"},"source":"<a href=\"http://twitter.com\" rel=\"nofollow\">Twitter Web Client</a>","in_reply_to_status_id":null,"in_reply_to_status_id_str":null,"in_reply_to_user_id":null,"in_reply_to_user_id_str":null,"in_reply_to_screen_name":null,"user":{"id":16245822,"id_str":"16245822","name":"National Science Fdn","screen_name":"NSF","location":"Arlington, Virginia","description":"Where Discoveries Begin. Social media policy: https://t.co/arEAsLBd7k","url":"https://t.co/kfcH3JJkaK","entities":{"url":{"urls":[{"url":"https://t.co/kfcH3JJkaK","expanded_url":"http://www.nsf.gov","display_url":"nsf.gov","indices":[0,23]}]},"description":{"urls":[{"url":"https://t.co/arEAsLBd7k","expanded_url":"http://bit.ly/smpnsf","display_url":"bit.ly/smpnsf","indices":[46,69]}]}},"protected":false,"followers_count":1047946,"friends_count":99,"listed_count":10528,"created_at":"Thu Sep 11 19:15:12 +0000 2008","favourites_count":3589,"utc_offset":-14400,"time_zone":"Eastern Time (US & Canada)","geo_enabled":true,"verified":true,"statuses_count":16494,"lang":"en","contributors_enabled":false,"is_translator":false,"is_translation_enabled":false,"profile_background_color":"9AE4E8","profile_background_image_url":"http://pbs.twimg.com/profile_background_images/3022069/bg.gif","profile_background_image_url_https":"https://pbs.twimg.com/profile_background_images/3022069/bg.gif","profile_background_tile":true,"profile_image_url":"http://pbs.twimg.com/profile_images/83610990/nsf1_normal.jpg","profile_image_url_https":"https://pbs.twimg.com/profile_images/83610990/nsf1_normal.jpg","profile_banner_url":"https://pbs.twimg.com/profile_banners/16245822/1493039302","profile_link_color":"3D76D0","profile_sidebar_border_color":"B4B4B4","profile_sidebar_fill_color":"EEF2F8","profile_text_color":"000000","profile_use_background_image":true,"has_extended_profile":false,"default_profile":false,"default_profile_image":false,"following":false,"follow_request_sent":false,"notifications":false,"translator_type":"none"},"geo":null,"coordinates":null,"place":null,"contributors":null,"is_quote_status":false,"retweet_count":15,"favorite_count":15,"favorited":false,"retweeted":false,"possibly_sensitive":false,"lang":"en"},"retweet_count":1,"favorite_count":3,"favorited":false,"retweeted":false,"possibly_sensitive":false,"lang":"en"},{"created_at":"Wed Apr 26 13:50:35 +0000 2017","id":857230430965289000,"id_str":"857230430965288961","text":"Explore #disruptive business #innovation and #entrepreneurship further with this collection of books.… https://t.co/DDhVNGBLrO","truncated":true,"entities":{"hashtags":[{"text":"disruptive","indices":[8,19]},{"text":"innovation","indices":[29,40]},{"text":"entrepreneurship","indices":[45,62]}],"symbols":[],"user_mentions":[],"urls":[{"url":"https://t.co/DDhVNGBLrO","expanded_url":"https://twitter.com/i/web/status/857230430965288961","display_url":"twitter.com/i/web/status/8…","indices":[103,126]}]},"metadata":{"iso_language_code":"en","result_type":"recent"},"source":"<a href=\"http://twitter.com\" rel=\"nofollow\">Twitter Web Client</a>","in_reply_to_status_id":null,"in_reply_to_status_id_str":null,"in_reply_to_user_id":null,"in_reply_to_user_id_str":null,"in_reply_to_screen_name":null,"user":{"id":581138557,"id_str":"581138557","name":"RPI Lally","screen_name":"RPILally","location":"Troy, New York","description":"As the business school at Rensselaer Polytechnic Institute, the Lally School develops aspiring business leaders ready to tackle tomorrow’s business challenges.","url":"http://t.co/riLVjmkYNG","entities":{"url":{"urls":[{"url":"http://t.co/riLVjmkYNG","expanded_url":"http://www.lallyschool.rpi.edu/","display_url":"lallyschool.rpi.edu","indices":[0,22]}]},"description":{"urls":[]}},"protected":false,"followers_count":866,"friends_count":508,"listed_count":34,"created_at":"Tue May 15 18:32:28 +0000 2012","favourites_count":911,"utc_offset":-14400,"time_zone":"Eastern Time (US & Canada)","geo_enabled":false,"verified":false,"statuses_count":1324,"lang":"en","contributors_enabled":false,"is_translator":false,"is_translation_enabled":false,"profile_background_color":"C0DEED","profile_background_image_url":"http://abs.twimg.com/images/themes/theme1/bg.png","profile_background_image_url_https":"https://abs.twimg.com/images/themes/theme1/bg.png","profile_background_tile":false,"profile_image_url":"http://pbs.twimg.com/profile_images/566349071929995264/6lgEEXWt_normal.jpeg","profile_image_url_https":"https://pbs.twimg.com/profile_images/566349071929995264/6lgEEXWt_normal.jpeg","profile_banner_url":"https://pbs.twimg.com/profile_banners/581138557/1485465906","profile_link_color":"1DA1F2","profile_sidebar_border_color":"C0DEED","profile_sidebar_fill_color":"DDEEF6","profile_text_color":"333333","profile_use_background_image":true,"has_extended_profile":false,"default_profile":true,"default_profile_image":false,"following":false,"follow_request_sent":false,"notifications":false,"translator_type":"none"},"geo":null,"coordinates":null,"place":null,"contributors":null,"is_quote_status":false,"retweet_count":0,"favorite_count":2,"favorited":false,"retweeted":false,"possibly_sensitive":false,"lang":"en"},{"created_at":"Wed Apr 26 12:54:49 +0000 2017","id":857216393946816500,"id_str":"857216393946816512","text":"#RPI Engineers - Men's Tennis Hosts Union on Wed. https://t.co/RvRXeD6Qkd","truncated":false,"entities":{"hashtags":[{"text":"RPI","indices":[0,4]}],"symbols":[],"user_mentions":[],"urls":[{"url":"https://t.co/RvRXeD6Qkd","expanded_url":"http://www.rpiathletics.com/news/2017/4/25/mens-tennis-hosts-union-on-wed.aspx?path=mten","display_url":"rpiathletics.com/news/2017/4/25…","indices":[50,73]}]},"metadata":{"iso_language_code":"en","result_type":"recent"},"source":"<a href=\"http://twitter.com\" rel=\"nofollow\">Twitter Web Client</a>","in_reply_to_status_id":null,"in_reply_to_status_id_str":null,"in_reply_to_user_id":null,"in_reply_to_user_id_str":null,"in_reply_to_screen_name":null,"user":{"id":334216801,"id_str":"334216801","name":"RPI Athletics","screen_name":"Sachi_Ena","location":"Troy, NY","description":"Rensselaer Polytechnic Institute~Director of Marketing","url":"https://t.co/a7JHxI5C57","entities":{"url":{"urls":[{"url":"https://t.co/a7JHxI5C57","expanded_url":"http://rpiathletics.com","display_url":"rpiathletics.com","indices":[0,23]}]},"description":{"urls":[]}},"protected":false,"followers_count":528,"friends_count":472,"listed_count":9,"created_at":"Tue Jul 12 19:10:36 +0000 2011","favourites_count":540,"utc_offset":-14400,"time_zone":"Eastern Time (US & Canada)","geo_enabled":true,"verified":false,"statuses_count":1971,"lang":"en","contributors_enabled":false,"is_translator":false,"is_translation_enabled":false,"profile_background_color":"B2DFDA","profile_background_image_url":"http://abs.twimg.com/images/themes/theme13/bg.gif","profile_background_image_url_https":"https://abs.twimg.com/images/themes/theme13/bg.gif","profile_background_tile":false,"profile_image_url":"http://pbs.twimg.com/profile_images/685863220104589314/lj00HSQU_normal.jpg","profile_image_url_https":"https://pbs.twimg.com/profile_images/685863220104589314/lj00HSQU_normal.jpg","profile_banner_url":"https://pbs.twimg.com/profile_banners/334216801/1452009325","profile_link_color":"93A644","profile_sidebar_border_color":"EEEEEE","profile_sidebar_fill_color":"FFFFFF","profile_text_color":"333333","profile_use_background_image":true,"has_extended_profile":false,"default_profile":false,"default_profile_image":false,"following":false,"follow_request_sent":false,"notifications":false,"translator_type":"none"},"geo":null,"coordinates":null,"place":null,"contributors":null,"is_quote_status":false,"retweet_count":0,"favorite_count":0,"favorited":false,"retweeted":false,"possibly_sensitive":false,"lang":"en"}]