{"latitude":37.8267,"longitude":-122.4233,"timezone":"America/Los_Angeles","offset":-8,"currently":{"time":1486071781,"summary":"Overcast","icon":"cloudy","nearestStormDistance":1,"nearestStormBearing":129,"precipIntensity":0,"precipProbability":0,"temperature":58.74,"apparentTemperature":58.74,"dewPoint":54.57,"humidity":0.86,"windSpeed":8.74,"windBearing":176,"visibility":7.28,"cloudCover":1,"pressure":1015.78,"ozone":300.58},"minutely":{"summary":"Overcast for the hour.","icon":"cloudy","data":[{"time":1486071780,"precipIntensity":0,"precipProbability":0},{"time":1486071840,"precipIntensity":0,"precipProbability":0},{"time":1486071900,"precipIntensity":0,"precipProbability":0},{"time":1486071960,"precipIntensity":0,"precipProbability":0},{"time":1486072020,"precipIntensity":0,"precipProbability":0},{"time":1486072080,"precipIntensity":0,"precipProbability":0},{"time":1486072140,"precipIntensity":0,"precipProbability":0},{"time":1486072200,"precipIntensity":0,"precipProbability":0},{"time":1486072260,"precipIntensity":0,"precipProbability":0},{"time":1486072320,"precipIntensity":0,"precipProbability":0},{"time":1486072380,"precipIntensity":0,"precipProbability":0},{"time":1486072440,"precipIntensity":0,"precipProbability":0},{"time":1486072500,"precipIntensity":0,"precipProbability":0},{"time":1486072560,"precipIntensity":0,"precipProbability":0},{"time":1486072620,"precipIntensity":0,"precipProbability":0},{"time":1486072680,"precipIntensity":0,"precipProbability":0},{"time":1486072740,"precipIntensity":0,"precipProbability":0},{"time":1486072800,"precipIntensity":0,"precipProbability":0},{"time":1486072860,"precipIntensity":0,"precipProbability":0},{"time":1486072920,"precipIntensity":0,"precipProbability":0},{"time":1486072980,"precipIntensity":0,"precipProbability":0},{"time":1486073040,"precipIntensity":0,"precipProbability":0},{"time":1486073100,"precipIntensity":0,"precipProbability":0},{"time":1486073160,"precipIntensity":0,"precipProbability":0},{"time":1486073220,"precipIntensity":0,"precipProbability":0},{"time":1486073280,"precipIntensity":0,"precipProbability":0},{"time":1486073340,"precipIntensity":0,"precipProbability":0},{"time":1486073400,"precipIntensity":0,"precipProbability":0},{"time":1486073460,"precipIntensity":0,"precipProbability":0},{"time":1486073520,"precipIntensity":0,"precipProbability":0},{"time":1486073580,"precipIntensity":0,"precipProbability":0},{"time":1486073640,"precipIntensity":0,"precipProbability":0},{"time":1486073700,"precipIntensity":0,"precipProbability":0},{"time":1486073760,"precipIntensity":0,"precipProbability":0},{"time":1486073820,"precipIntensity":0,"precipProbability":0},{"time":1486073880,"precipIntensity":0,"precipProbability":0},{"time":1486073940,"precipIntensity":0,"precipProbability":0},{"time":1486074000,"precipIntensity":0,"precipProbability":0},{"time":1486074060,"precipIntensity":0,"precipProbability":0},{"time":1486074120,"precipIntensity":0,"precipProbability":0},{"time":1486074180,"precipIntensity":0,"precipProbability":0},{"time":1486074240,"precipIntensity":0,"precipProbability":0},{"time":1486074300,"precipIntensity":0,"precipProbability":0},{"time":1486074360,"precipIntensity":0,"precipProbability":0},{"time":1486074420,"precipIntensity":0,"precipProbability":0},{"time":1486074480,"precipIntensity":0,"precipProbability":0},{"time":1486074540,"precipIntensity":0,"precipProbability":0},{"time":1486074600,"precipIntensity":0,"precipProbability":0},{"time":1486074660,"precipIntensity":0,"precipProbability":0},{"time":1486074720,"precipIntensity":0,"precipProbability":0},{"time":1486074780,"precipIntensity":0,"precipProbability":0},{"time":1486074840,"precipIntensity":0,"precipProbability":0},{"time":1486074900,"precipIntensity":0,"precipProbability":0},{"time":1486074960,"precipIntensity":0,"precipProbability":0},{"time":1486075020,"precipIntensity":0,"precipProbability":0},{"time":1486075080,"precipIntensity":0,"precipProbability":0},{"time":1486075140,"precipIntensity":0,"precipProbability":0},{"time":1486075200,"precipIntensity":0,"precipProbability":0},{"time":1486075260,"precipIntensity":0,"precipProbability":0},{"time":1486075320,"precipIntensity":0,"precipProbability":0},{"time":1486075380,"precipIntensity":0,"precipProbability":0}]},"hourly":{"summary":"Light rain starting later this afternoon.","icon":"rain","data":[{"time":1486069200,"summary":"Overcast","icon":"cloudy","precipIntensity":0.0022,"precipProbability":0.06,"precipType":"rain","temperature":57.83,"apparentTemperature":57.83,"dewPoint":53.86,"humidity":0.87,"windSpeed":7.77,"windBearing":180,"visibility":7,"cloudCover":1,"pressure":1015.94,"ozone":301.5},{"time":1486072800,"summary":"Overcast","icon":"cloudy","precipIntensity":0,"precipProbability":0,"temperature":59.09,"apparentTemperature":59.09,"dewPoint":54.85,"humidity":0.86,"windSpeed":9.13,"windBearing":175,"visibility":7.39,"cloudCover":1,"pressure":1015.72,"ozone":300.22},{"time":1486076400,"summary":"Overcast","icon":"cloudy","precipIntensity":0.0026,"precipProbability":0.09,"precipType":"rain","temperature":59.28,"apparentTemperature":59.28,"dewPoint":54.8,"humidity":0.85,"windSpeed":10.5,"windBearing":179,"visibility":7.58,"cloudCover":1,"pressure":1015.29,"ozone":299.04},{"time":1486080000,"summary":"Drizzle","icon":"rain","precipIntensity":0.0052,"precipProbability":0.23,"precipType":"rain","temperature":58.96,"apparentTemperature":58.96,"dewPoint":54.62,"humidity":0.86,"windSpeed":11.05,"windBearing":182,"visibility":7.26,"cloudCover":1,"pressure":1014.74,"ozone":297.95},{"time":1486083600,"summary":"Drizzle","icon":"rain","precipIntensity":0.0069,"precipProbability":0.33,"precipType":"rain","temperature":58.47,"apparentTemperature":58.47,"dewPoint":54.58,"humidity":0.87,"windSpeed":11.01,"windBearing":180,"visibility":7.07,"cloudCover":1,"pressure":1014.33,"ozone":296.91},{"time":1486087200,"summary":"Drizzle","icon":"rain","precipIntensity":0.0059,"precipProbability":0.27,"precipType":"rain","temperature":58.03,"apparentTemperature":58.03,"dewPoint":54.38,"humidity":0.88,"windSpeed":10.93,"windBearing":176,"visibility":6.93,"cloudCover":1,"pressure":1014.1,"ozone":295.95},{"time":1486090800,"summary":"Drizzle","icon":"rain","precipIntensity":0.0058,"precipProbability":0.26,"precipType":"rain","temperature":57.42,"apparentTemperature":57.42,"dewPoint":54.12,"humidity":0.89,"windSpeed":11.43,"windBearing":175,"visibility":6.86,"cloudCover":1,"pressure":1013.77,"ozone":295.08},{"time":1486094400,"summary":"Drizzle","icon":"rain","precipIntensity":0.0082,"precipProbability":0.42,"precipType":"rain","temperature":57.28,"apparentTemperature":57.28,"dewPoint":54.24,"humidity":0.9,"windSpeed":12.01,"windBearing":176,"visibility":6.56,"cloudCover":1,"pressure":1013.74,"ozone":293.88},{"time":1486098000,"summary":"Light Rain","icon":"rain","precipIntensity":0.0101,"precipProbability":0.51,"precipType":"rain","temperature":57.41,"apparentTemperature":57.41,"dewPoint":54.55,"humidity":0.9,"windSpeed":12.45,"windBearing":177,"visibility":6.31,"cloudCover":1,"pressure":1013.7,"ozone":292.77},{"time":1486101600,"summary":"Light Rain","icon":"rain","precipIntensity":0.01,"precipProbability":0.51,"precipType":"rain","temperature":57.46,"apparentTemperature":57.46,"dewPoint":54.62,"humidity":0.9,"windSpeed":13.36,"windBearing":177,"visibility":6.31,"cloudCover":1,"pressure":1013.61,"ozone":292.98},{"time":1486105200,"summary":"Drizzle","icon":"rain","precipIntensity":0.0059,"precipProbability":0.27,"precipType":"rain","temperature":57.5,"apparentTemperature":57.5,"dewPoint":54.73,"humidity":0.9,"windSpeed":13.96,"windBearing":178,"visibility":6.4,"cloudCover":1,"pressure":1013.41,"ozone":294.9},{"time":1486108800,"summary":"Light Rain","icon":"rain","precipIntensity":0.0123,"precipProbability":0.53,"precipType":"rain","temperature":56.7,"apparentTemperature":56.7,"dewPoint":54.2,"humidity":0.91,"windSpeed":14.49,"windBearing":180,"visibility":6.39,"cloudCover":1,"pressure":1013.13,"ozone":298.14},{"time":1486112400,"summary":"Drizzle","icon":"rain","precipIntensity":0.0084,"precipProbability":0.44,"precipType":"rain","temperature":56.71,"apparentTemperature":56.71,"dewPoint":54.15,"humidity":0.91,"windSpeed":15.05,"windBearing":182,"visibility":6.39,"cloudCover":1,"pressure":1012.83,"ozone":302.73},{"time":1486116000,"summary":"Light Rain","icon":"rain","precipIntensity":0.013,"precipProbability":0.54,"precipType":"rain","temperature":56.69,"apparentTemperature":56.69,"dewPoint":54.02,"humidity":0.91,"windSpeed":15.52,"windBearing":183,"visibility":6.79,"cloudCover":1,"pressure":1012.49,"ozone":310},{"time":1486119600,"summary":"Light Rain","icon":"rain","precipIntensity":0.0335,"precipProbability":0.66,"precipType":"rain","temperature":55.83,"apparentTemperature":55.83,"dewPoint":53.15,"humidity":0.91,"windSpeed":15.71,"windBearing":185,"visibility":6.36,"cloudCover":1,"pressure":1012.14,"ozone":318.63},{"time":1486123200,"summary":"Light Rain","icon":"rain","precipIntensity":0.0359,"precipProbability":0.67,"precipType":"rain","temperature":55.8,"apparentTemperature":55.8,"dewPoint":53.24,"humidity":0.91,"windSpeed":15.57,"windBearing":190,"visibility":5.99,"cloudCover":1,"pressure":1011.94,"ozone":324.7},{"time":1486126800,"summary":"Light Rain","icon":"rain","precipIntensity":0.0366,"precipProbability":0.68,"precipType":"rain","temperature":55.14,"apparentTemperature":55.14,"dewPoint":52.97,"humidity":0.92,"windSpeed":14.9,"windBearing":195,"visibility":5.83,"cloudCover":1,"pressure":1011.93,"ozone":326.48},{"time":1486130400,"summary":"Light Rain","icon":"rain","precipIntensity":0.0427,"precipProbability":0.69,"precipType":"rain","temperature":55.03,"apparentTemperature":55.03,"dewPoint":53.11,"humidity":0.93,"windSpeed":14.05,"windBearing":203,"visibility":5.52,"cloudCover":1,"pressure":1012.05,"ozone":325.7},{"time":1486134000,"summary":"Light Rain","icon":"rain","precipIntensity":0.0329,"precipProbability":0.66,"precipType":"rain","temperature":54.38,"apparentTemperature":54.38,"dewPoint":52.47,"humidity":0.93,"windSpeed":13.69,"windBearing":207,"visibility":6.86,"cloudCover":0.98,"pressure":1012.31,"ozone":323.65},{"time":1486137600,"summary":"Light Rain","icon":"rain","precipIntensity":0.0233,"precipProbability":0.62,"precipType":"rain","temperature":55.16,"apparentTemperature":55.16,"dewPoint":53.07,"humidity":0.93,"windSpeed":14.19,"windBearing":209,"visibility":7.86,"cloudCover":0.91,"pressure":1012.83,"ozone":320.1},{"time":1486141200,"summary":"Light Rain","icon":"rain","precipIntensity":0.0152,"precipProbability":0.56,"precipType":"rain","temperature":55.5,"apparentTemperature":55.5,"dewPoint":53.03,"humidity":0.91,"windSpeed":14.78,"windBearing":208,"visibility":8.21,"cloudCover":0.77,"pressure":1013.48,"ozone":315.29},{"time":1486144800,"summary":"Light Rain","icon":"rain","precipIntensity":0.0111,"precipProbability":0.52,"precipType":"rain","temperature":56.07,"apparentTemperature":56.07,"dewPoint":52.9,"humidity":0.89,"windSpeed":15.3,"windBearing":208,"visibility":8.31,"cloudCover":0.72,"pressure":1013.92,"ozone":311.21},{"time":1486148400,"summary":"Light Rain","icon":"rain","precipIntensity":0.0116,"precipProbability":0.53,"precipType":"rain","temperature":57.66,"apparentTemperature":57.66,"dewPoint":53.89,"humidity":0.87,"windSpeed":16.67,"windBearing":209,"visibility":8.82,"cloudCover":0.77,"pressure":1014.01,"ozone":308.63},{"time":1486152000,"summary":"Light Rain","icon":"rain","precipIntensity":0.0185,"precipProbability":0.59,"precipType":"rain","temperature":58.94,"apparentTemperature":58.94,"dewPoint":54.7,"humidity":0.86,"windSpeed":17.86,"windBearing":211,"visibility":8.89,"cloudCover":0.8,"pressure":1013.93,"ozone":306.77},{"time":1486155600,"summary":"Light Rain and Breezy","icon":"rain","precipIntensity":0.0235,"precipProbability":0.62,"precipType":"rain","temperature":57.95,"apparentTemperature":57.95,"dewPoint":54.27,"humidity":0.88,"windSpeed":18.47,"windBearing":213,"visibility":9.04,"cloudCover":0.76,"pressure":1013.89,"ozone":305.33},{"time":1486159200,"summary":"Light Rain and Breezy","icon":"rain","precipIntensity":0.0247,"precipProbability":0.63,"precipType":"rain","temperature":57.7,"apparentTemperature":57.7,"dewPoint":54.39,"humidity":0.89,"windSpeed":18,"windBearing":215,"visibility":9.31,"cloudCover":0.79,"pressure":1013.96,"ozone":304.34},{"time":1486162800,"summary":"Light Rain","icon":"rain","precipIntensity":0.024,"precipProbability":0.62,"precipType":"rain","temperature":57.31,"apparentTemperature":57.31,"dewPoint":54.38,"humidity":0.9,"windSpeed":16.91,"windBearing":218,"visibility":9.66,"cloudCover":0.83,"pressure":1014.1,"ozone":303.76},{"time":1486166400,"summary":"Light Rain","icon":"rain","precipIntensity":0.0223,"precipProbability":0.61,"precipType":"rain","temperature":56.87,"apparentTemperature":56.87,"dewPoint":54.31,"humidity":0.91,"windSpeed":15.81,"windBearing":220,"visibility":9.92,"cloudCover":0.86,"pressure":1014.32,"ozone":303.1},{"time":1486170000,"summary":"Light Rain","icon":"rain","precipIntensity":0.0191,"precipProbability":0.59,"precipType":"rain","temperature":56.4,"apparentTemperature":56.4,"dewPoint":54.21,"humidity":0.92,"windSpeed":14.87,"windBearing":220,"visibility":10,"cloudCover":0.82,"pressure":1014.66,"ozone":302.04},{"time":1486173600,"summary":"Light Rain","icon":"rain","precipIntensity":0.0149,"precipProbability":0.56,"precipType":"rain","temperature":56.02,"apparentTemperature":56.02,"dewPoint":54.25,"humidity":0.94,"windSpeed":13.88,"windBearing":220,"visibility":10,"cloudCover":0.76,"pressure":1015.09,"ozone":300.9},{"time":1486177200,"summary":"Light Rain","icon":"rain","precipIntensity":0.012,"precipProbability":0.53,"precipType":"rain","temperature":55.89,"apparentTemperature":55.89,"dewPoint":54.4,"humidity":0.95,"windSpeed":12.83,"windBearing":219,"visibility":10,"cloudCover":0.7,"pressure":1015.6,"ozone":300.06},{"time":1486180800,"summary":"Light Rain","icon":"rain","precipIntensity":0.0116,"precipProbability":0.53,"precipType":"rain","temperature":56.06,"apparentTemperature":56.06,"dewPoint":54.76,"humidity":0.95,"windSpeed":11.9,"windBearing":216,"visibility":10,"cloudCover":0.64,"pressure":1016.19,"ozone":299.74},{"time":1486184400,"summary":"Light Rain","icon":"rain","precipIntensity":0.0126,"precipProbability":0.54,"precipType":"rain","temperature":55.98,"apparentTemperature":55.98,"dewPoint":54.8,"humidity":0.96,"windSpeed":11.21,"windBearing":213,"visibility":10,"cloudCover":0.58,"pressure":1016.84,"ozone":299.71},{"time":1486188000,"summary":"Light Rain","icon":"rain","precipIntensity":0.0138,"precipProbability":0.55,"precipType":"rain","temperature":55.85,"apparentTemperature":55.85,"dewPoint":54.76,"humidity":0.96,"windSpeed":10.64,"windBearing":212,"visibility":10,"cloudCover":0.56,"pressure":1017.42,"ozone":299.77},{"time":1486191600,"summary":"Light Rain","icon":"rain","precipIntensity":0.015,"precipProbability":0.56,"precipType":"rain","temperature":55.54,"apparentTemperature":55.54,"dewPoint":54.51,"humidity":0.96,"windSpeed":10.12,"windBearing":211,"visibility":10,"cloudCover":0.61,"pressure":1017.92,"ozone":299.91},{"time":1486195200,"summary":"Light Rain","icon":"rain","precipIntensity":0.0165,"precipProbability":0.57,"precipType":"rain","temperature":55.11,"apparentTemperature":55.11,"dewPoint":54.1,"humidity":0.96,"windSpeed":9.53,"windBearing":210,"visibility":10,"cloudCover":0.71,"pressure":1018.34,"ozone":300.12},{"time":1486198800,"summary":"Light Rain","icon":"rain","precipIntensity":0.0166,"precipProbability":0.57,"precipType":"rain","temperature":54.66,"apparentTemperature":54.66,"dewPoint":53.65,"humidity":0.96,"windSpeed":9.04,"windBearing":208,"visibility":10,"cloudCover":0.79,"pressure":1018.58,"ozone":300.21},{"time":1486202400,"summary":"Light Rain","icon":"rain","precipIntensity":0.0143,"precipProbability":0.56,"precipType":"rain","temperature":54.25,"apparentTemperature":54.25,"dewPoint":53.22,"humidity":0.96,"windSpeed":8.81,"windBearing":208,"visibility":10,"cloudCover":0.84,"pressure":1018.57,"ozone":300.02},{"time":1486206000,"summary":"Light Rain","icon":"rain","precipIntensity":0.0107,"precipProbability":0.52,"precipType":"rain","temperature":53.87,"apparentTemperature":53.87,"dewPoint":52.79,"humidity":0.96,"windSpeed":8.72,"windBearing":208,"visibility":10,"cloudCover":0.89,"pressure":1018.39,"ozone":299.71},{"time":1486209600,"summary":"Drizzle","icon":"rain","precipIntensity":0.0078,"precipProbability":0.4,"precipType":"rain","temperature":53.46,"apparentTemperature":53.46,"dewPoint":52.34,"humidity":0.96,"windSpeed":8.64,"windBearing":208,"visibility":10,"cloudCover":0.93,"pressure":1018.31,"ozone":299.61},{"time":1486213200,"summary":"Drizzle","icon":"rain","precipIntensity":0.0065,"precipProbability":0.31,"precipType":"rain","temperature":52.89,"apparentTemperature":52.89,"dewPoint":51.81,"humidity":0.96,"windSpeed":8.48,"windBearing":206,"visibility":10,"cloudCover":0.96,"pressure":1018.46,"ozone":299.9},{"time":1486216800,"summary":"Drizzle","icon":"rain","precipIntensity":0.0059,"precipProbability":0.27,"precipType":"rain","temperature":52.31,"apparentTemperature":52.31,"dewPoint":51.3,"humidity":0.96,"windSpeed":8.35,"windBearing":204,"visibility":10,"cloudCover":0.99,"pressure":1018.68,"ozone":300.41},{"time":1486220400,"summary":"Drizzle","icon":"rain","precipIntensity":0.0053,"precipProbability":0.23,"precipType":"rain","temperature":52.04,"apparentTemperature":52.04,"dewPoint":50.92,"humidity":0.96,"windSpeed":8.51,"windBearing":203,"visibility":10,"cloudCover":0.98,"pressure":1018.96,"ozone":300.97},{"time":1486224000,"summary":"Mostly Cloudy","icon":"partly-cloudy-day","precipIntensity":0.0044,"precipProbability":0.18,"precipType":"rain","temperature":52.78,"apparentTemperature":52.78,"dewPoint":51.3,"humidity":0.95,"windSpeed":9.22,"windBearing":204,"visibility":10,"cloudCover":0.9,"pressure":1019.32,"ozone":301.67},{"time":1486227600,"summary":"Mostly Cloudy","icon":"partly-cloudy-day","precipIntensity":0.0035,"precipProbability":0.13,"precipType":"rain","temperature":53.67,"apparentTemperature":53.67,"dewPoint":51.65,"humidity":0.93,"windSpeed":10.21,"windBearing":206,"visibility":10,"cloudCover":0.8,"pressure":1019.71,"ozone":302.43},{"time":1486231200,"summary":"Mostly Cloudy","icon":"partly-cloudy-day","precipIntensity":0.003,"precipProbability":0.1,"precipType":"rain","temperature":54.31,"apparentTemperature":54.31,"dewPoint":51.72,"humidity":0.91,"windSpeed":11.07,"windBearing":210,"visibility":10,"cloudCover":0.74,"pressure":1019.95,"ozone":302.88},{"time":1486234800,"summary":"Mostly Cloudy","icon":"partly-cloudy-day","precipIntensity":0.0031,"precipProbability":0.1,"precipType":"rain","temperature":54.82,"apparentTemperature":54.82,"dewPoint":51.62,"humidity":0.89,"windSpeed":11.31,"windBearing":215,"visibility":10,"cloudCover":0.76,"pressure":1019.94,"ozone":302.63},{"time":1486238400,"summary":"Mostly Cloudy","icon":"partly-cloudy-day","precipIntensity":0.0035,"precipProbability":0.13,"precipType":"rain","temperature":55.54,"apparentTemperature":55.54,"dewPoint":51.68,"humidity":0.87,"windSpeed":11.16,"windBearing":219,"visibility":10,"cloudCover":0.82,"pressure":1019.77,"ozone":302.07},{"time":1486242000,"summary":"Mostly Cloudy","icon":"partly-cloudy-day","precipIntensity":0.0038,"precipProbability":0.14,"precipType":"rain","temperature":56.49,"apparentTemperature":56.49,"dewPoint":52.13,"humidity":0.85,"windSpeed":11.07,"windBearing":223,"visibility":10,"cloudCover":0.87,"pressure":1019.56,"ozone":301.96}]},"daily":{"summary":"Light rain throughout the week, with temperatures bottoming out at 58°F on Saturday.","icon":"rain","data":[{"time":1486022400,"summary":"Light rain in the morning and afternoon.","icon":"rain","sunriseTime":1486048436,"sunsetTime":1486085730,"moonPhase":0.2,"precipIntensity":0.0074,"precipIntensityMax":0.0216,"precipIntensityMaxTime":1486036800,"precipProbability":0.61,"precipType":"rain","temperatureMin":51.18,"temperatureMinTime":1486033200,"temperatureMax":59.28,"temperatureMaxTime":1486076400,"apparentTemperatureMin":51.18,"apparentTemperatureMinTime":1486033200,"apparentTemperatureMax":59.28,"apparentTemperatureMaxTime":1486076400,"dewPoint":51.75,"humidity":0.88,"windSpeed":8.54,"windBearing":165,"visibility":6.76,"cloudCover":0.94,"pressure":1014.32,"ozone":308},{"time":1486108800,"summary":"Light rain throughout the day and breezy in the afternoon.","icon":"rain","sunriseTime":1486134783,"sunsetTime":1486172198,"moonPhase":0.24,"precipIntensity":0.0204,"precipIntensityMax":0.0427,"precipIntensityMaxTime":1486130400,"precipProbability":0.69,"precipType":"rain","temperatureMin":54.38,"temperatureMinTime":1486134000,"temperatureMax":58.94,"temperatureMaxTime":1486152000,"apparentTemperatureMin":54.38,"apparentTemperatureMinTime":1486134000,"apparentTemperatureMax":58.94,"apparentTemperatureMaxTime":1486152000,"dewPoint":53.91,"humidity":0.92,"windSpeed":14.32,"windBearing":206,"visibility":8.34,"cloudCover":0.83,"pressure":1014.04,"ozone":308.78},{"time":1486195200,"summary":"Drizzle in the morning.","icon":"rain","sunriseTime":1486221128,"sunsetTime":1486258666,"moonPhase":0.28,"precipIntensity":0.0056,"precipIntensityMax":0.0166,"precipIntensityMaxTime":1486198800,"precipProbability":0.57,"precipType":"rain","temperatureMin":52.04,"temperatureMinTime":1486220400,"temperatureMax":58.14,"temperatureMaxTime":1486249200,"apparentTemperatureMin":52.04,"apparentTemperatureMinTime":1486220400,"apparentTemperatureMax":58.14,"apparentTemperatureMaxTime":1486249200,"dewPoint":52.36,"humidity":0.92,"windSpeed":8.73,"windBearing":210,"visibility":9.6,"cloudCover":0.82,"pressure":1019.14,"ozone":304.09},{"time":1486281600,"summary":"Light rain starting in the afternoon.","icon":"rain","sunriseTime":1486307472,"sunsetTime":1486345134,"moonPhase":0.32,"precipIntensity":0.0076,"precipIntensityMax":0.0332,"precipIntensityMaxTime":1486364400,"precipProbability":0.66,"precipType":"rain","temperatureMin":49.14,"temperatureMinTime":1486303200,"temperatureMax":58.58,"temperatureMaxTime":1486364400,"apparentTemperatureMin":47.06,"apparentTemperatureMinTime":1486303200,"apparentTemperatureMax":58.58,"apparentTemperatureMaxTime":1486364400,"dewPoint":50.28,"humidity":0.89,"windSpeed":10.72,"windBearing":179,"visibility":10,"cloudCover":0.97,"pressure":1014.32,"ozone":326.34},{"time":1486368000,"summary":"Light rain throughout the day.","icon":"rain","sunriseTime":1486393814,"sunsetTime":1486431601,"moonPhase":0.35,"precipIntensity":0.0122,"precipIntensityMax":0.0335,"precipIntensityMaxTime":1486368000,"precipProbability":0.66,"precipType":"rain","temperatureMin":49.78,"temperatureMinTime":1486396800,"temperatureMax":58.51,"temperatureMaxTime":1486368000,"apparentTemperatureMin":45.06,"apparentTemperatureMinTime":1486396800,"apparentTemperatureMax":58.51,"apparentTemperatureMaxTime":1486368000,"dewPoint":47.34,"humidity":0.79,"windSpeed":9.05,"windBearing":235,"cloudCover":0.84,"pressure":1014.66,"ozone":317.39},{"time":1486454400,"summary":"Rain throughout the day and breezy starting in the afternoon.","icon":"rain","sunriseTime":1486480154,"sunsetTime":1486518069,"moonPhase":0.39,"precipIntensity":0.0329,"precipIntensityMax":0.059,"precipIntensityMaxTime":1486504800,"precipProbability":0.73,"precipType":"rain","temperatureMin":48.01,"temperatureMinTime":1486486800,"temperatureMax":62.73,"temperatureMaxTime":1486537200,"apparentTemperatureMin":45.12,"apparentTemperatureMinTime":1486486800,"apparentTemperatureMax":62.73,"apparentTemperatureMaxTime":1486537200,"dewPoint":52.39,"humidity":0.9,"windSpeed":10.94,"windBearing":184,"cloudCover":1,"pressure":1016.58,"ozone":277.07},{"time":1486540800,"summary":"Rain throughout the day.","icon":"rain","sunriseTime":1486566493,"sunsetTime":1486604536,"moonPhase":0.43,"precipIntensity":0.0414,"precipIntensityMax":0.083,"precipIntensityMaxTime":1486591200,"precipProbability":0.76,"precipType":"rain","temperatureMin":55.42,"temperatureMinTime":1486576800,"temperatureMax":63.14,"temperatureMaxTime":1486540800,"apparentTemperatureMin":55.42,"apparentTemperatureMinTime":1486576800,"apparentTemperatureMax":63.14,"apparentTemperatureMaxTime":1486540800,"dewPoint":58.5,"humidity":0.97,"windSpeed":9.47,"windBearing":202,"cloudCover":0.99,"pressure":1017.95,"ozone":268.5},{"time":1486627200,"summary":"Light rain overnight.","icon":"rain","sunriseTime":1486652831,"sunsetTime":1486691003,"moonPhase":0.46,"precipIntensity":0.0028,"precipIntensityMax":0.0123,"precipIntensityMaxTime":1486710000,"precipProbability":0.53,"precipType":"rain","temperatureMin":57.25,"temperatureMinTime":1486659600,"temperatureMax":62.48,"temperatureMaxTime":1486702800,"apparentTemperatureMin":57.25,"apparentTemperatureMinTime":1486659600,"apparentTemperatureMax":62.48,"apparentTemperatureMaxTime":1486702800,"dewPoint":58.61,"humidity":0.94,"windSpeed":5.07,"windBearing":167,"cloudCover":0.95,"pressure":1017.57,"ozone":272.36}]},"flags":{"sources":["darksky","lamp","gfs","cmc","nam","rap","rtma","sref","fnmoc","isd","madis","nearest-precip","nwspa"],"darksky-stations":["KMUX","KDAX"],"lamp-stations":["KAPC","KCCR","KHWD","KLVK","KNUQ","KOAK","KPAO","KSFO","KSQL"],"isd-stations":["724943-99999","745039-99999","745045-99999","745060-23239","745065-99999","994016-99999","994033-99999","994036-99999","997734-99999","998163-99999","998197-99999","998476-99999","998477-99999","998479-99999","999999-23239","999999-23272"],"madis-stations":["AU915","C5988","C8158","C9629","CQ147","D5422","D8008","E0426","E9227","FTPC1","GGBC1","OKXC1","OMHC1","PPXC1","SFOC1","TIBC1"],"units":"us"}}
