1749,2009-04-23,12970,Clint,Very friendly and helpful. Convenient location.
609932,2011-10-08,506247,Eugene Yijin,"The location is great as it's right next to the Green T stop and there are many food places nearby. The room is very small and fits a queen mattress and almost nothing else. I was out for most of the day and only used the room for the night, which worked for me. The host is friendly and helpful."
633836,2011-10-16,1027592,Leo,"Giueseppe was cordial, friendly, nice ... and so were the others in the apartment. He made himself available to meet me late on the night I checked in. The room is good value for money and met my criteria (central, safe, clean, private). If this is what you are looking for, I recommend it without reservation. "
659093,2011-10-24,1196424,Cynthia,"Good host, as well as his roommates (special thanks to Miles), and the house is very nicely located - a few blocks to the green line T station and bus stops, with several restaurants, shops and food stores in the neighborbood. Only the room is somehow awkward, but it has great potential of improvement... anyhow, it was certainly worthwhile."
758999,2011-12-02,1282723,Rick,"The apartment is right in the middle of everything in the center of Allston, the roommates were top quality and the laundry is free. Can't be beat."
852118,2012-01-09,195767,Joe,"Giuseppe was a very nice host and his place was cozy and convenient (being two blocks away from the T). The rest of his roommates were friendly as well. The room, while a bit odd and oldish, was pretty clean and quiet. Overall an enjoyable stay. ****1/2.

Sidenote: When I had to arrive late by a day due to unforeseen travel circumstances, he agreed to refund my 1st night, and waited patiently for my rather late (midnight-ish) arrival.  "
861780,2012-01-14,1524655,Peter,"Great stay!  I am a new graduate student at Boston University, the room is ideally located close by to BU, with easy access to the T for travel elsewhere in town.

Room is clean, bed is comfy, and the apartment is quiet, exactly what I was looking for.  I will stay here again in the future!"
873726,2012-01-20,585873,Julian,Very comfortable and everyone in the apartment was ccol. Giuseppe is super friendly and helpful. The location is great and our stay couldn't have been easier.
1004679,2012-03-15,1885474,Cherise,"Giuseppe and his roommates were great! They were very nice, and the apartment was in a quite area. It was a short walk to the T. The bed is quite comfortable."
1040829,2012-03-25,1871847,Yang,"Giuseppe is a nice guy. He helped me carry my language when I first arrived there. Usually ,he was not at home and works a lot. There are three  roommates. One of them is a student in BU and he is a man of taste."
1589889,2012-06-29,1840651,Juan Pablo,"Giuseppe was a very nice and cordial host, the room was a bit small but if you are looking for a private and afortable place to sleep, it was worthwhile.
"
2401509,2012-09-24,3570699,Michael,"Very small, cramped room. Unfriendly host, who does not care about his guests. Had to go after him to get the keys to the apartment. No breakfast, not even coffee. Would not rent the room again! "
2448170,2012-09-29,3458603,Steven,"Giuseppe was a great host, he made me feel comfortable right from the beginning. Location was great- right by the T station, markets and restaurants were just a short walk away. Great Location. Room was also comfortable. Private toilet and sink were clean and maintained. The apartment was very quiet and surrounding neighborhood is safe. I would not hesitate to recommend this place or stay here again. "
3094667,2012-12-15,4158014,Rory,"Guiseepe was nice and responsive to my inquiries about his place. It's very ideally located. The room is small, but it's accurately advertised. If you're looking for a place to just crash and plan on being out and about, this is a nice cheap option. There were 2 other housemates that I met and they were both very nice and respectful. I rented a car and so needed to park it 2 blocks up the street overnight and by 8a.m. in the morning you need to start putting money in the meter or move your car. Small inconvenience but not a big deal. Anyhow, the place was safe and secure and Giuseppe met me to give me the key for the place which I appreciated. "
3156444,2012-12-25,4446426,Stuart,"Stay exceeded my expectations. Great location, clean, and comfortable. I was able to reach Giuseppe anytime I had a question (wifi password for instance). The room is rather small but the price is right. Highly recommend staying here. It's a 5 min walk from a Green Line T stop."
3293063,2013-01-06,3682236,Amerley,"The place was easy to get to and was in a seemingly pretty safe area. The room was small (as advertised!), but is perfect for a single traveler on a budget. Giuseppe was a really friendly and responsive host, had a great stay! "
3593854,2013-02-20,4669362,Ana,"Nice room, small ( but that was clear on the ad) but clean, and it has a very confortable bed. The location was just perfect for me. The apartment is in a quiet street but very close to shops and Tube ( green line). Easy to get the keys from host. The guys are quiet and friendly, no loud noise at all. Would certainly stay here again if I need a place in Boston. "
8885717,2013-11-24,1988977,Kate,"Giuseppe was a great host, very helpful and responsive, cool guy.

The room itself was just what I was looking for, small but cozy, relatively quiet, fast wifi. It was nice to have my own sink in the room as well.

I stayed for almost a month, and would definitely stay there again!"
10192583,2014-02-05,10644866,Mohit,"Before i say anything else i would like to talk about the host-Giuseppe. He is one damn helpful guy and is very responsive, who is always just a call away if you need any help. I was from abroad and it was my first trip to boston but i hardly faced any difficulty thanks to some really helpful advice from Giuseppe regarding the places, transport, restaurants etc. Talking about the room, it is pretty much the same what you read in the description. It has a private toilet(not bath) and a sink. The bed was very comfortable and i got some clean linen and blankets too. You dont get any furniture apart from the bed like a table or a chair and as said earlier its a pretty small room. The other room mates are quiet and are usually very busy, so don't be surprised if you are in the house all by yourself most of the times. Talking about the location- it has numerous restaurants which are just a couple of mins walk from home in brighton ave. There are a lot of places to eat and drink nearby. As far as transportation is concerned the nearest bus stops are just 5 minutes away by walking and as a student i had to go to longwood medical area everyday and had no difficulty doing it whatsoever. All in all the room and location were great and i had zero issues during 1 month of stay. I would recommend this to all those who are looking for a cheap accommodation in a safe and a happening location."
11325459,2014-03-30,12324976,Magnús,"The room was all it was made out to be. Very small, but with a closet and storage under the bed. At the bedhead, a sink with mirror. Shared spaces were generally in good shape and reasonably spacious. Perhaps the only weakness was a lack of a vacuum, which meant that the carpet in living room became surprisingly stuffed with particles. 
  The host  was efficient and took pains to do a good operation. Often helpful, such as providing (an empty) metro card.
  Unfortunately, it has proved impossible to reach him afterwards. It's frustrating, because I seem to have left something valuable. Repeated mails have gone unanswered. 
  All in all, good value for the money, but with some caveats."
26449280,2015-02-13,16226599,Amelia,"I really enjoyed my 1 month stay at this property. Although the room is very small (as specified in the description), there is enough storage space for a short stay, the bed is comfortable, and having a sink in the room was very convenient. The lounge area and kitchen are very nice spaces to hang out with a lot of natural light. The location is great, with the train station, a supermarket, bars/restaurants, and an amazing Asian food court just minutes walk away. Giuseppe and his house mate were really friendly and helpful. "
27467014,2015-03-05,27020124,Jie,"Giuseppe is a great and professional host that welcome his guest with warmness and care. everything is as described. The bed is quite comfortable. The room is small but have enough space for your luggage and personal belongings once they are taken out of the luggage. There are two drawers in the room, as well as a water sink so you can wash hands in your room. There is no desk and chair in the room,but that is shown in the photo of the room already.  The living area and the kitchen is large and comfortable, with everything typically you will find in those areas there ready for use. The bathroom is a typical one.  Overall I am very satisfied with my stay here and will come again in future. "
29122461,2015-04-04,27902813,Hilary,I really enjoyed my stay here. The room is nice and big and the bed is very comfortable. I didnt see Giuseppe much but he was always only an email away and was super helpful.  I would recommend to anyone and definetly stay again. 
37141039,2015-07-05,29726587,Shannon,Although not physically present at the apartment Guiseppe was always available on phone and email.  He was always quick to answer all my requests and to deal with any issues pertaining to the running of the apartment. The description of the room was quite accurate and yes the room was quite small which is fine if you are only planning on using the room for sleeping. I found the inclusion of a sink in the room to be quite helpful particularly when sharing a single bathroom with 4 others. The apartment had good access to grocery stores and public transport which meant that it was an easy neighbourhood to live in. The Apartment was a half hour T trip to the heart of Boston and a half hour bus trip to Cambridge during peak hours but a good budget option for visiting either of these locations. 
42870977,2015-08-16,4079054,Aline,"I thoroughly enjoyed my stay at this place: the apartment is clean and spacious with nice common spaces for cooking, eating, and chilling. The bedroom was small, comfortable and definitely suitable for one person. The place is located within close walking distance of two supermarkets and various other shops, and a T and bus station are also very conveniently located and reachable within about 5 minutes. Giuseppe is a very fun and responsive host that was eager to make my stay as pleasant and smooth as possible. I can, without hesitation, recommend this Airbnb! "
44996413,2015-08-30,41704990,Allan,Very good place. I recommend.
52581468,2015-10-31,7936293,Joachim,I stayed at Giuseppes shared flat for two months. The room is exactly as described and i felt very welcome. It was like living in my shared flat at home. Everyone has their tasks and can use the whole flat. Giuseppe was very friendly and answered every question i had in no time.
53873137,2015-11-14,35654413,Viviana,"My stay in Allston was great! The room was cozy, even if very small, and the house in general was comfortable. The flat is very close to the T station (green line B), so it's perfect for reaching Downtown and every other connection. Giuseppe was a good host, always careful and available. He wasn't always there, but Joana, one of the other roommates, was a perfect substitute. She really cared about my needs, and my content."
66757891,2016-03-24,57950833,Whitney Ann,"Giuseppe was an excellent host, available and hospitable. He's the real deal. Everything went very smoothly and it was a great, quiet space.  It is in a great location with access to public transportation and any kind of restaurant you could imagine. "
71077701,2016-04-23,59699814,Alejandro,"Giuseppe es una persona muy atenta, que responde de forma rápida y cordial cualquier cuestión que puedas tener. Como dice en el anuncio, la habitación es bastante pequeña, tiene un lavabo, una cama y un armario. La cama es cómoda en cualquier caso. La casa es antigua, aunque está bien conservada y puede parecer hasta misteriosa (por ejemplo, tiene una escalera trasera para bajar al sótano). La casa está relativamente limpia, aunque al ser varios compañeros, todos tenemos que hacer nuestra parte para que siga así. La zona es agradable: la casa está cerca de Commonwealth Ave., una calle llena de tiendas, restaurantes, etc. y por la que pasa la línea verde de metro. También es una zona con mucha vida, ya que está al lado de Boston University y hay muchos estudiantes universitarios. El barrio suele ser tranquilo, aunque a veces los estudiantes que viven cerca (o en el mismo bloque) montan fiestas, por lo que en ocasiones puede haber bastante ambiente por la noche. La cocina es amplia y está equipada con todo lo necesario para cocinar, y aunque no dispone de salón tiene un pequeño hall con un sofá bastante cómodo. Tanto la cocina como el hall son lugares adecuados para trabajar, al no tener la habitación un escritorio."
73255909,2016-05-07,6824930,Nelson,Great location. Great host. Clean house
83962162,2016-07-04,70723440,Jonathan,"Description was accurate, everything was as expected. Nice neighborhood, basically filled with college students. House was kelt clean, and was nice and quiet. Would highly recommend."
88284644,2016-07-24,53587021,Grant,Giuseppe was always there when I needed something and was also great company! I felt like I was right at home. The only thing I didn't like was the lack of parking... But it's Boston!
96812289,2016-08-24,3803857,Mohan,"After having been a guest so many times in my life, I feel very strongly that it's the people who make the stay, more so than anything about the place itself. As advertised, my room was small and minimal---and Allston itself isn't the most upscale part of Boston. But none of that mattered much after being taken in and instantly treated as a regular old housemate. I quickly felt at home even though I was as far removed from my actual home as I could be. You'll do well here if you're a solo traveler who prefers to blend in with the locals, students, and young professionals without much fuss."
1021,2009-03-21,8903,Jenny,Terry's Hotel Alterntv in Boston was a perfect place to stay for myself and my partner.  We mixed our trip with business and pleasure and found the room perfectly appointed for our needs and affordable.  A great stay!
1953,2009-05-01,12970,Clint,Warm and accommodating host. Beautiful and well appointed room.
10089,2009-09-14,14033,Nicolas,"We stay 3 nights at the Hotel Alternative and have complete confort, sweet bed and a very nice welcome.
Close to the metro, here is the ideal place for a discovering trip town!!!"
18678,2009-11-29,51993,Sarah,"We stayed in the private room.  Terry provided a mini fridge and microwave, bath products, guidebooks, soft sheets and fluffy towels.  We were very cozy despite it being a blustery winter weekend.  Downtown Boston was visible from our room on the 3rd floor and, though the T was nearby, we enjoyed walking into town.  What a good value-- we'd stay there again in a heartbeat.   "
24467,2010-01-19,68674,LaJuan,Stayed here recently during a conference and the accomodations were fantastic!  Terry is very laid back  and very hospitable.  The location is great.  I used mass transit most of the time and the conference sites I visited were very accessible.  I would highly recommend this experience as an alternative to an overpriced hotel.  
25958,2010-02-13,47993,Juan Carlos,"My partner and I stayed for a week at Terry's during our vacation and it was a great experience.  We were happy with our decision to stay there.  The space is comfortable; we were able to relax.  The room is very close to the train, so it was easy to hop on the train and get around Boston and come back to our room whenever we wanted.  We felt welcomed, safe, and comfortable.  I would recommend it without hesitations."
26888,2010-02-19,68528,Deborah,"Terry is welcoming and helpful.  The condo was lovely - thoroughly applianced kitchen, gorgeous bathroom,  comfortable lounge and cosy bed. I felt very at home and it was easy to get in to Boston, with loads of useful information, mpas, books etc.  The only small niggle is that the staircase to the bedroom was a surprise! but otherwise thank you for a wonderful warm stay"
28570,2010-03-07,41492,Tiffany,"I stayed at Terry's for 3 nights. The guest room was great! Very clean, and everything as promised was there. Terry's attention to detail and small details were much appreciated. Much better value compared to a hotel! Would definitely stay there again :-) "
43996,2010-05-19,101258,Jessica,"This was a wonderful place to stay. The location was good, close to the train, and the place itself was beautiful, clean and just what we needed for our weekend away. We stayed in a smaller room the first night and then moved to a larger room after. It was nice to have the extra space and full kitchen. Although we did not see our host, we had plenty of communication via message as well as many things left for us in the room. Would definitely recommend. "
46494,2010-05-26,95028,Lois,"Stayed over Terry’s place back in May, and we were very happy about the room.  Terry is a very friendly and informative guy, and very quick in replying emails.  He got maps, attraction spots and restaurant tips all planned out ready to pick up in the room, and he takes his time to explain to us where we were, and how to get to one point to another. The room we stayed was very charming and clean.  It has everything you need, and we loved the bathroom.  It is only minutes away from the subway station and bus stops, and takes only 10 to 15 minutes to go everywhere. Thanks a lot, Terry!  We had a good time. "
105114,2010-09-26,94525,Alan,"A wonderful old house full of character.  Terry was a very good host and was very helpful in all aspects.  Our room was was five star, beautifully fitted out and extremely clean.  I would recommend this accommodation 
 to anyone.  My only fault was that our apartment was at the top of two flights of quite steep stairs, so was a little difficult with suitcases.  "
112087,2010-10-05,130491,June,"the only reason I have not given 5stars is although terry advertises under bed and breakfast no breakfast is provided.prhaps i didnt read the info properly when i booked .otherwise very nice room  with tea and coffee provided
june and john from barry south wales"
136665,2010-11-10,240690,Laura,"Everything was perfect about our stay at Terry's place...
-the location was in a nice neighborhood just at the edge of the city, with a 15-20 min subway ride to center city Boston (the subway station is only a 5 min walk from Terry's place)
-Immaculately clean and comfortable room, with fresh sheets, towels, and everything else you might need for your stay (tons of tourist guidebooks, toiletries, fridge, coffee maker, snacks, etc)
-We did not get to see Terry, but he was accessible by phone even at late hours and was very helpful in making sure we got into our room okay

I highly recommend Terry's place, and if you visit Boston definitely do the Freedom Trail Walk that starts at Boston Common!"
142968,2010-11-22,284952,Brendan,"I felt very welcomed at Terry's Hotel Alternative, I felt like I was staying at a friends house. Terry provides plenty of local information, he's very chilled and laid back and is very helpful. The location is great, less than 5 minute walk to the Roxbury Crossing underground, although you can walk into town in about 20mins. I have no hesitation in recommending Hotel Alternative and would happily stay again if I'm back in Boston."
186537,2011-02-22,361042,William,"My fiance and I could  not have asked for more from our stay at the Fort Hill Inn.  Terry, our host, was very welcoming as well as helpful, leaving us maps and suggestions of things to do.   The room was beautiful, cozy and clean.  The neighborhood was quiet and a great location; a very easy, short trip to downtown.
We will not only  be staying here for future trips to Boston but will also be recommending it to any family or friends planning to visit the area."
213591,2011-03-31,339294,Cate,"Very comfortable, homely, quiet and private accommodation within easy walk of the T. Fridge and coffee maker as well as crackers provided. Stereo and TV. Walk up narrow 2 flights of stairs to own apartment not a challenge, except when loaded with luggage and then not really!  Terry is very hospitable whilst not intrusive.

Would stay here again."
241376,2011-04-26,443469,Grace,"The place was perfect : clean, comfortable, and conveniently located. Really private and cozy room!
We very much enjoyed our stay. 
Thank you, Terry! "
423146,2011-08-06,600724,Christoph,Everything was just perfect - Terry was a very friendly host and supplied us with lots of very useful information - thank you!
476515,2011-08-26,644628,Jean-Etienne,"This is really a great location. The street is quiet and the room is really great. The bed is confortable. Terry is really helpfull.

Enjoy."
584574,2011-09-30,1021326,Jared,"When I first arrived we had a slight mix up with our dates but Terry soughted it all out for me within an hour and I was good to go!
The house has a heap of character and my room was a lot better than I had first expected.  The bedroom was big, the shower had a tonne of pressure, and the bed was super comfy. I got an awesome nights sleep before having to fly half way around the world.

Overall Terry is a top bloke and I would definately recommend his accommodation to anyone looking to stay in Boston.

(close to trains and buses as well)."
625414,2011-10-13,1017520,Dave,"Nice and cozy room, tasteful decor. Very comfy to stay with cable, wifi and some snacks that Terry so thoughtfully provided. The 3 level walk up can be a bit of a challenge if you have lots of luggage coming in or out. Overall, an enjoyable stay!!"
630562,2011-10-16,967793,Juana,We stayed 3 nights and enjoyed it. The room is cosy and comfortable. There was everything you need. We could also store our baggage for some hours after check out. One star removed due to location. Seems a bit remote but easy access with tram.
654402,2011-10-23,922457,DavId,"La habitación y el baño estaban  limpios. La casa está muy cerca del metro, y a pocas paradas del centro de la ciudad. Terry nos recibió muy bien."
714099,2011-11-13,1335134,Crystal,"Terry was accessible and friendly. We had a great stay in Boston with no complaints. The location is in walking distance to the T and it worked well for us to explore the city. Thanks for a great stay, Terry! "
877398,2012-01-23,1386710,Celine,"It's the first time we been to Boston, and the place is much better than we expect. The host, Terry, was so friendly, and the set up of the room was amazing! We enjoyed the stay there. Thanks to the host."
952552,2012-02-27,1634179,YoungKee,"I stayed in Terry's inn for a month. It was very comfortable & enjoyable. It was located very close to the T stop, to the train station and also to the bus stop. It only took about 15min by feet to the Brigham & women's hospital where I had to go everyday. Thank you Terry. "
1347371,2012-05-25,2334159,Sarah,"I came to Boston for some meetings and was looking for a quiet, private, and inexpensive place to stay and work. This fit the bill quite well. The place is really easy to get to on public transportation and Terry's directions were perfect. It's a quiet neighbourhood so if you're looking to be right in the middle of things, you might want to stay closer to the city centre. But if you're looking for a quiet place to stay with easy access to everything via the T, this is a great spot. Thanks Terry!"
11724780,2014-04-13,8497435,Evgueny,"+ the room is wonderful and very clean
+ bathroom very nice and fully equipped
+ 5 min walk to metro and then10-15min to center 
+ 30-40min nice walk to center Boston
+ quiet neibourhood
+ Terry is very helpful (didnt see him much but he left Boston documentation in room)

- neiborhood is ok
- not in the missel of the city
"
19073192,2014-09-06,17307923,Nick,"I had a really nice stay here for a little over two weeks, I was studying near the Brigham and Women's hospital so the location was great for me considering I could walk there in about 15-20 minutes. Terry was really good, always replying straight away if I needed anything. The place was really comfortable and homely so I's recommend it to anyone."
19338385,2014-09-10,15755618,Patrick,"This is a great location to serve as ""base camp"" to explore Boston.  The T is right down the hill, easy to find and quick to different parts of town.  The room and bath were comfortable and we had good nights of rest.  All in all it was a very fine place to rest and relax."
32296876,2015-05-16,32602643,Sheryl,"Both of Terry's apartments I stayed in were exceptional!  He sets the bar high on all fronts: beautifully decorated, clean, spacious, comfortable, affordable & full of amenities.  Easy communication & check-in/out. Great location, lovely neighborhood & FREE street parking (practically in front of the place). The 1st 2 nights I stayed at the 2 bedroom duplex apartment. My first night was at the tail end of a heat wave (it was 88 degrees out) but Terry's place was perfectly cool & comfortable. The a/c was on when I got there, with a few lights & low background music making it very welcoming. The 3rd night I was in the Private Room & Bath  which was also very lovely. It was well-equipped, and great to have the microwave and mini-fridge (there's plates/silverware and just about anything you could need in the cabinet). I slept well on the very comfy beds at both places. Glad I got to meet Terry as I was leaving:)... (though he had been available & we communicated through text during my stay). Would highly recommend & stay again, Thanks Terry!"
35141899,2015-06-15,24289205,Steve,"Had a wonderful stay at Terry's place in Fort Hill, Boston.  Room was very nicely decorated and had excellent wifi.  Bathroom was cool with an old claw-foot tub.  Bed was comfy and there was plenty of drawer space for my stuff.  Terry was very charming and helpful as a host.  HIghly recommend this place!  Parking is just a few feet away from the building and there were always spaces available.  Also close to public transportation."
54255820,2015-11-17,46733641,Janet,Terry welcomed us upon arrival and was extremely accommodating to our stay.  We felt at home and our expectations were better than we imagined.  The experience here was memorable and definitely a must  to visit again.  A FIVE star experience! 
61490061,2016-02-05,52150233,Nayef,"The place were very clean +++\+++  , Terry was very nice and very very helpful in whatever you asked him ...
I strongly recommend you guys to go there...
The place was near the T (orange line) 4 minutes and it takes about 10 minutes to reach BWH by bus and about 15 minutes by feet. 
A lot of markets , restaurant  around. 
It was a fantastic experience!! "
68035397,2016-04-01,56664093,Xiangyang,"Amazing place for staying at Boston, strongly recommend, a hospitable host, a comfortable environment, a perfect rate."
78709514,2016-06-08,5242100,Rosemary,"I didn't have an opportunity to meet Terry, but my room at the Inn was very comfortable and well appointed. I appreciated the air conditioning on two of my three nights there, as the humidity was pretty high for the first few days of my visit. The well equipped kitchenette in the corner of the room came in handy too. I really enjoy staying in residential neighborhoods, rather than at big downtown chain hotels. This was ideal for me. The bed was extremely comfortable and there was a notebook with information about local restaurants and things to see. I didn't make use of that as I was here for a workshop, but it was a nice touch. A very charming place to stay. I'd stay there again next time I have to be in the Longwood Medical area."
6826,2009-08-06,25094,Jaelen,"Terry's apartment is beautifully decorated and feels like a home away from home. Kudos especially to the kitchen, which was really fully furnished. We had a great time cooking in his kitchen. The subway is within walking distance, and downtown isn't too far away either. Thank you Terry for hosting us :)"
8063,2009-08-23,24420,Patrick,"We stayed in the private home / condo. A nice and quiet appartment. Very tastefull furnished and decorated. We really felt home !
The only improvement we suggested to Terry is to replace the queensize bed by a bed with a larger size.
Terry is easygoing. We had a great time in Boston ! 
Thanx for the hospitality. 

Patrick, the Netherlands
August 2009
 "
10653,2009-09-19,34638,Kay,Terry's apartment has everything we needed. We loved his flowers and enjoyed his kitchen tremendously!  Terry is very thoughtful and accommodating. He even has all kind of maps and tourist information prepared for first time visitors like us. What a great host!  
21716,2009-12-29,39051,Gerard,"I stayed here for a week over Christmas and it couldnt have been a nicer place to stay, Terry stayed away (thought i wouldnt have minded him saying hello)so it made the place feel like my own home with me being able to come and go at my leasure and he even left out some things to make my stay even more enjoyable. Location is great once you know how to use the quick train service into Boston. Only down side was it seemed that the heating was on only when it was turned on up stairs and the radiator was very noisy, other than that, a great place to stay."
26412,2010-02-15,50820,Lam,"I spent my Valentine at Terry's place and he left a beautiful bottle of wine and some chocolate that day. I really appreciated his kindness and the place was marvelous. 

Thank you Terry"
40156,2010-05-05,78882,Patrick,"Spacious, modern and spick-and-span aparment which is located close to the city centre. The three of us really enjoyed our stay at Terry's. You can contact him whenever you have questions, he's really helpful and in overall a fantastic host!"
42342,2010-05-14,2798,Ayeh,"Terry's apartment is very nice, well-stocked and central. It has easy access to all kinds of public transport and is just a terrific place to stay for making the most of Boston. We were attending a conference that had us hopping to meetings and events all over Boston and Cambridge, but were always able to make it back easily using public transportation, even after the subway closed. The kitchen is a wonderful place to gather here and Terry is a very thoughtful, attentive, and accommodating host himself. Would really love to return again."
47300,2010-05-29,58086,Anthony,"The apartment was well located, close to subway and with easy on street free parking. It was comfortable and well furnished and equipped. Terry was a very helpful and friendly host. "
299943,2011-06-06,523289,Claire,"We spent four nights in Terry's appartment. The appartment is really nice and cosy with all the equipment needed. It was as if we were at home.  It is conveniently located, next to the subway. The only thing is that the bed could be a bit more comfortable. But overall we really enjoyed our stay in Boston in Terry's house. "
320481,2011-06-18,559778,Cristina,"It was great lo live in the great and very clean appartment. He was very helpfull in all my requirements.
Thank you being such a great host.

Cristina
"
684710,2011-11-01,1323401,Melodie,"It was our first trip to Boston and it couldn't have turned out better.  Terry's spot has a classic Boston feel with hardwood floors, exposed brick, etc.  The apartment is cozy and has a well equipped kitchen, good heating, DVD player and all the amenities you need.  It's a short walk to the Roxbury Crossing subway station and the overall value is great considering you'd pay double for a decent hotel room in the city.

Terry was a great host and offers tips and tricks for touring the city, grabbing food, etc.  Would highly recommend staying here!

We're a little delayed in reviewing (operator error) :)"
738089,2011-11-22,108180,Andrea,"Terry's place was cosy and spacious.  Everything you needed to have a great stay in Boston was provided including a well equipped kitchen, lots of extra towels, and ample literature on all the sights.  It's about a 5 minute walk to Roxbury Crossing Station which makes it very convenient to get anywhere.  Terry was a wonderful host, responded quickly and easily accommodated our early arrival."
853656,2012-01-09,170957,D L,"Terry's condo was great.  Plenty of space and equipped with quality furniture.  The place has nice style and a very practical living area.  Full kitchen with fridge and appliances, tv with cable, wireless internet, full bath - good stuff.

The location is also accessible and convenient.  I ended up getting the LinkPass for 7 days ($15) which grants unlimited use of the T (subway) and buses.

Terry was a great host and helped me out on short notice.  The place was organized  and stocked with necessities which made me feel at ease.  Thanks, Terry!"
1007386,2012-03-17,1484502,Ilan,"My stay at Terry place was great. The place was perfectly setup with as careful attention to the little details as to the big ones. The neighborhood is not the most central in Boston, but there is plenty of parking which helps when you have a car. Terry was a great host - helpful when needed, and invisible the rest of the time. I'll definitely consider staying there again next time I'm in Boston. The wireless Internet connection was very fast and reliable."
1044812,2012-03-26,1700758,Peter,"Terry was an excellent host and provided us with lots of information about local attractions and transport etc.  The apartment is very comfortable, well furnished and has a 'homely"" feel about it.  Although not of concern to us, the steep stairs to the bedroom would be an issue for anyone with mobility issues.  The neighbourhood does not have many coffee houses, restaurants.shops or tourist attractions although the train station is quick and easy to access and only three stops from the Back Bay area where these facilities are abundant."
1528191,2012-06-21,2101074,Steve,"The apartment was clean, comfortable, and well-furnished.  It was always nice to come ""home"" to during our five-night stay.  Terry was polite and always available by phone to answer questions.  The neighborhood was quiet, and we felt safe.  As others have noted, the metal spiral stairs to the bedroom downstairs are a bit tight, but it wasn't much of an issue for us.  Highly recommended!  "
1600195,2012-07-01,1548872,Burkhard,"Terry's home was very clean and the furnishing was very thought thru and well equipped. There was plenty of material such as maps and broshures.
The apartment is right near the T station Roxbury crossing and from there it is just a matter of minutes to get right into the center of Boston. 
The communication with Terry worked very well. He answered our emails right away. 
We certainly do recommend the apartment to other guests. "
2570960,2012-10-10,3165379,Melody,Apartment was well appointed and nicely furnished.  It's within walking distance of transit and not more than a 15 minute drive to local attractions. Would highly recommend this apartment to anyone visiting the Boston area. 
2632123,2012-10-16,3322916,Neil,Terry was a great host and very accessible.  The apartment was fabulous and had all the amenities I could ask for.  The location right by the T crossing allowed us easy access to the city.  Overall I was really pleased with my stay and would highly recommend staying there. 
4393715,2013-05-02,1781034,Marvin,"This was my first trip to Boston, so I took a bit of a shot with this listing because I didn't know the neighborhoods or lay of the land at all. But the location turned out to be perfect - I lucked out. You will be roughly the equivalent of three city blocks from the T (Orange line Roxbury Crossing) if you cut through Roxbury Community College campus. From there, you're two stops from Mass Ave and Tremont and a short walk to trendy South End, or hop on the #1 bus and be on Newbury in 10 minutes. Go one more stop to Back Bay and your in Copley Square or Boston Commons The apt itself, is beautiful. It's quiet, handy, full of amenities, and Terry could not have been more courteous and helpful. I rented a car for a couple day-trips and parking on Centre Street was a breeze, and it was a quick shot east to I-93 with easy access to the cape, beaches, airport, Rhode Island, New Hampshire and Maine. I had a perfect vacation, due largely to the fact that I had a great and convenient place to stay. Thanks Terry!!"
4446364,2013-05-06,2723495,Elizabeth & Dan,"The Fort Hill Inn was remarkably convenient and comfortable! With the quiet surroundings and plush bed I got the best sleep ever on a Boston trip. Don't need earplugs to sleep here! Our guest who used the sofa bed had no complaints either. 
We were so busy we did not have a chance to use the well equipped kitchen.The coffee from Butterfly Coffee/Cafe at Roxbury Crossing was so good! No decaf at Butterfly but coffee very smooth nonetheless. 
The ""Hubway"" positioned right at the T station made it super convenient to rent a bike and see the city. Just remember to check that bike in every 30 minutes to a Hubway bike stand. We biked along the Charles and over to Old Ironsides in Charlestown to be tourists and then back. Biked over to Newbury Street for dinner at Stephanie's later that evening. Absolutely exhilarating and such fun!
Had a mechanical problem with a door lock that Terry took care of immediately much to our relief. Terry is very responsive and we felt we were in good hands.
"
5362265,2013-06-26,1559119,Alison,"Absolutely wonderful stay! Very convenient location, very close to the T. The apartment is lovely. Terry has shown so much attention to detail. Check in and check out was super easy. I would highly recommend to anyone staying in Boston for business or travel. Thanks Terry!"
6734665,2013-08-23,294553,Renee,"I was a bit nervous about staying here due to reviews about safety. Rest assured, this area is super safe. Do not take a cab here. Cab drivers only know downtown. Take the T, its cheaper and easier. Terry greeted us and broke down the area for us. We love the layout of the apartment.  Our only hiccup was the shower as the temperature was all over the place but that's wasn't a big deal to us as we live in NYC and in our apts the same thing can happen.  Plan to eat at The Squealing Pig in Mission Hill it has a great vibe and food. For most of the trip, plan to eat the Back Bay Area as there are some great places around the house but not as many options as we New Yorkers are use to. We had the run of the second apartment and very much enjoyed our stay. If you have any questions, Terry is a text away. We would return to The Fort Hill Inn in any future visits to the area. "
6945890,2013-08-31,7193987,Wayne,"I stayed at the Fort Hill Inn from August 26th to August
29th,2013. Terry the host was great. He was there when I
Arrived to check me in. The check in was easy. Terry helped me bring my luggage to the apartment. The place 
Was squeaky clean! The kitchen and bathroom was immaculate ! I really enjoyed staying here! The T is just a 5 minute walk away from the Inn. I parked my car on the street for 3 days. The neighborhood Is very safe and welcoming . I would definitely stay here again the next 
Time I visit Boston! Good job Terry and thank you for making my visit a pleasant experience!"
7293955,2013-09-14,691286,Jd,"In afraid to write too positive of a review because I want this secret to remain mine! Terry has a fantastic duplex that made me fall back in love with the red-brick hamlet that Boston can so often be. Great place, great host and no problem with parking. I WILL be back! "
8447974,2013-10-31,2895852,Joanie,"Bar none, the best accommodations I have experienced on AirBnb!
Beautifully furnished, thoughtfully appointed, it covered everything.  Terri has a great eye, which makes for a more comfortable stay.  He has thought of EVERYTHING, from offering not-run-of-the-mill guides (even a large, laminated map of Boston tastefully set on the coffee table; great for easier planning), to a fully stocked bathroom that was better planned than I was for this trip!  He was kind and courteous, greeting me to make sure I had everything I needed after checking in.  This is how attentive he is; when I answered the door with my coat still on, he checked in to make sure the apartment was too cold (it wasn't.). 

A good host pays attention to the details!

Incredibly convenient, Terri's place is a leisurely 3-5 minute walk to public transportation.  Area layout:  T station, Community College directly across the street, then Terri's place behind that.  That easy! 

Being that there is a police station within visible distance of the block, always an extra assurance to a traveler.  A few minutes in any direction will take you to some great museums (Isabella Stewart Gardner!), pubs, architecturally gorgeous churches.  What a nice suburban insight, off the beaten path.  Terri's neighborhood is beautiful and friendly.

You can't go wrong with Terri's place.  It's your home away from home, maybe even a little bit better.  Incredible deal and value for such luxury.  Why pay the same price for some generic chain that is the same in Oklahoma, Washington, or Ohio?  Go for something more memorable and personal.  :)"
9103225,2013-12-07,4586728,Hilary,"Convenient to the T and in a quiet little cul-de-sac. There was always a place to park, too.  Comfortable furnishings and the kitchen had what we needed to cook some food for ourselves (pots, pans, etc.).  We were there for work and didn't have much free time in the neighborhood but we did take a walk up to the park at the top of the hill and it was very scenic - William Lloyd Garrison's house was on the way back!  Will definitely be back for our next trip!"
9563204,2014-01-02,8216115,Ian,"Terry's apartment is beautifully renovated and decorated.  It was very comfortable and homey, and it was great to have such a nice kitchen to make a meal.  We could not have been more satisfied or more warmly welcomed."
10038920,2014-01-27,5033243,Ryan,"Friend and I really enjoyed our time at Terry's apartment! He was very easy to reach and flexible, would definitely stay here again next time I am in Boston, thanks Terry!"
11502492,2014-04-05,13754082,Cari,We had a wonderful stay at Terry's condo.  It is beautifully decorated and comfortable and spacious!  It's on a quiet little street and close to a Transit hub.  The kitchen is fully stocked and there are lots of extra blankets and towels.  This was my first experience with AirBNB and I can't wait to use it again in the future!
12568849,2014-05-05,14270540,Julia,"The place was great and Terry was very nice, highly recommended. 
"
13339566,2014-05-26,476856,Francis,"Terry was an excellent host responding promptly to all enquiries before and after our booking.  We actually only met him very briefly during our stay as we were out a lot. 

The fact that we only met him this once is a testament to the effective arrangements he has in place for checking in and checking out. Also, we found everything in the apartment was in working order therefore there was no need to trouble him.

The apartment was as described in the listing and in excellent shape with clear instructions on various matters. Strong Wi-Fi signal was available.

The neighborhood was fine. It was fairly quiet and we always felt safe. The Roxbury Crossing ‘T’ station is a short 4 to 5 minute walk away and with trains every 10 minutes or so you are downtown in no time at all (10 minute ride to Downtown Crossing). 

If you are staying for more than a couple of days an $18 MBTA weekly pass is excellent value as it includes trains, buses and the inner harbor water taxi. It is also very easy to travel to/from the airport using the ‘T’ (approx. 40 min) saving on expensive taxis/ shuttles.

Cannot comment on local shopping, as we tended to bring in groceries from the excellent Wholefoods Market in downtown Boston.

We had a great time in Boston and if we return to the city we would be delighted to stay at Terry’s place again.  
"
13953399,2014-06-09,13606185,Natalie,Terry was quick to respond to all messages.  We did not have any interaction with Terry while we were in town but I have no doubt that he would have responded quickly if we needed anything.  As a testament to his wonderful planning his apartment was easily found based on his directions.  A quick walk from the T.  We did not rent a car while in Boston as the public transportation was so easy to manage and so close to the condo.  There were tons of information regarding tourist spots in the condo in case you want to look for additional places to go.  Wifi was great along with the cable tv.  We did not make use of the kitchen but it was nicely equipped.  Terry's condo was approximately half the price of a hotel during the time period we stayed and we had MORE room than a hotel.  Very comfortable furnishings.  This being our first airbnb experience has made us look further into using this service for future trips.
15629043,2014-07-13,5431675,Ariane,"I stayed at Terry's with 3 other people and the apartment was spacious enough, clean, cozy, and very. Terry was very quick to respond prior to arrival and when needed something (just a toilet paper refill) during our week long stay. This apartment  offers everything needed in a great location, close to subway station, with free parking available. As described and I highly recommend it! "
17064904,2014-08-06,15435912,Lynne,"Terry was a great host, extremely accommodating and lovely to deal with. He met us on check in and left us with maps and recommendations of things to do, see and restaurants to go to in Boston. 

Only a 5min walk to the T (subway) and 15mins into the centre of Boston.  The apartment was nicely furnished and had everything that we needed - we would definitely stay here again."
17454544,2014-08-12,17783368,Kevin,Quel endroit parfait! Nous avons eu l'impression de vivre comme de vrai Bostoniens. L'emplacement très près du T a grandement facilité nos déplacements et nous y reviendront lors de notre prochain passage à Boston. Terry est très accueillant et l'appartement était parfait sous tout point de vue. 
18882761,2014-09-02,14341456,Monica,"We had a very pleasent stay.
The apartment was in excellent condition, very comfortable, spacious and very clean. The apartment that shows the photos is not the same as that which we arrived. The bedroom and the bathroom are in the basement, where the noise of the air conditioning was noted. 
In the apartment there are maps of the city and tourist information.
WIFI works very good.
The neighborhood: it is very quiet. We had a car, and found enough space to park free. We used it every day, especially to avoid the night walk from the subway station to the house, the trip is not long but it is lonely.
Terry: received us on arrival, very friendly and helpful. We only bothered him to help us open the suitcase because we had lost the key to the lock and he solved the issue very efficiently. The rest of the time we communicate by email"
19130097,2014-09-07,14252773,Chun,"It is a really nice apartment. We love it very much. The only problem is the bedroom is underground, it is not easy to get into."
19593709,2014-09-15,4743495,Maryse,"Mande un mensaje a Terry informándole de que íbamos a llegar antes de la hora prevista y
 se mostró conciliador y permitiéndonos dejar nuestras maletas, al final la limpieza estaba acabada y pudimos instalarnos. Apreciamos la flexibilidad y la buena disposición. Terry nos acogió con mucha amabilidad y nos proporciono información interesante sobre Boston. La casa se correspondía al anuncio, muy limpia, acogedora y con sensación de hogar. Nos sentimos muy a gusto. Las comunicaciones con la T son cercanas y rápidas.
Sin embargo creo necesario añadir que la zona puede parecer algo insegura, advertencia que nos hizo el taxista que nos llevo allí. No tuvimos ninguna mala experiencia pero sí uno es sensible con este tema esto no es una buena opción."
21337368,2014-10-15,5274836,Gabriela,"This is a great place to stay in Boston! Well furnitured, clean, full kitchen with all you can need... This place is about just a 5 min walk to a metro station. And Terry is the best host you can ever met! Attentious, answered us very quick, helpful...
This definitly is a place in Boston that we will stay again! Thanks Terry for everything! You are just great!"
21855499,2014-10-25,15872528,Seunghee,It's a beautiful & clean classic house. I was very satisfied with the place and host. 
28106699,2015-03-17,26593991,Trang,"Listing was very accurate. Terry was very informative and he answered all my questions during my stay very quickly. The place was clean, cute and very homy. The kitchen was fully supplied. The place was however very cold at night. "
51724950,2015-10-24,43132177,Jan,Apartment was as shown and quite comfortable. Appreciated Terry's flexibility with our arrival and departure times. 
58187688,2016-01-01,19708799,François,"Excellent séjour. Super accueil. Appartement très bien situé , beau et très propre. Merci beaucoup pour le séjour "
64232426,2016-03-01,12041421,Anne,"Loved the way this place was decorated!  Lots of warm, inviting color, very comfortable bed.  Easy walk up to second floor.  Residential neighborhood, quiet, easy parking on street nearby.  Would stay again."
71347850,2016-04-24,18601159,Jennifer,"The Fort Hill Inn was a very nicely renovated brick row house on a tiny dead end side street.  The immediate neighborhood felt very safe, had close access to the T, and best of all had easy access to free parking, as we had traveled to Boston in 2 cars.  The delightful host Terry was in and out of the property (I believe he lives upstairs) and was available to assist us in anything we needed--including recommending an auto service shop as we encountered some car trouble on our travels.  Plenty of maps and Boston guides as well as some Uber coupons left for us on the mantel.  We felt so comfortable and at home in the beautifully decorated apartment--an eclectic mix of old, thrift, fancy and useful-- Terry has a great eye for what you would expect to find in this kind of building! Plus the kitchen was well stocked with essential items for cooking.  Although we had a car with us, we preferred using the T and Uber during our stay so we didn't have to deal with driving headaches in downtown Boston.  The location of this apartment made that easy and economical.  We couldn't have been more pleased with our stay at this place and will definitely stay here again when we come back to Boston!!"
76357016,2016-05-26,22345610,Luis,"This was just as advertised!  I thought the location was almost perfect. Not too close to the tourist area but not too far. If you plan on using this location and have a vehicle, be aware that Tueday mornings is tricky. Streets are cleaned between 8-12 so make plans to leave before 8.  I couldn't easily find a place to park and I ended up getting a parking ticket. 

The unit itself was awesome. Very home like and clean. Would definitely recommend."
5808,2009-07-19,23549,Gary,"A Wonderful, pleasant, and charming host.  The bed is very comfortable and the room is nice. Travel wise one is 15 minutes by the Needham Train or Orange Subway Line to Back Bay Station - the Center of Boston.  I highly recommend one staying with Phil. "
67912,2010-07-23,154097,Dominik,"Firstly Phil is a great host! He's very helpful in every aspect of living and having good time in Boston.
Secondly Phil's rental is located in a great area surrounded by parks making it nice and quite and yet it close enough to city center which is easily accessible by walking, biking or taking a bus.
Rental room is very nice and has all that's needed to make it comfortable!
If I was to do it again i wouldn't be looking for any other place but simple book my stay again at Phil's!"
277461,2011-05-23,232785,Aviva,"Phil was a great host and his home was very comfortable.  The room is well furnished and clean, with a comfortable bed, plenty of closet and drawer space, and a nice desk.  TV and sound system too. Phil was extremely hospitable about use of the kitchen and laundry, as well as helping out with rides.  The backyard is awesome - and in summer weather I imagine it would be a great place to relax.  The neighborhood is quiet, safe, and residential - but close to the commuter rail which takes you to downtown Boston in 15 minutes.  There are some really interesting shops in Roslindale Village - just a 7 minute walk from the house.   Supposedly it has the best farmer's market in Boston. 
...and...
if you enjoy Mexican folk art, Phil's home will be especially fun for you.
I highly recommend staying there."
341306,2011-06-28,579421,Daniela,Phil is a very friendly host and I felt safe and comfortable in Roslindale. It's a very quiet and nice neighbourhood. You have easy access to the commuter train station at Roslindale Village (if you don't mind walking appr. 15 minutes) - but especially on weekends there is only limited service (on Sundays even no service at all). But you can also take the T orange line to Forest Hill and take a bus (there are several lines). If you like to explore Boston during daytime and have quiet evenings and like walking it's worth a stay.
393798,2011-07-24,824245,Carlos,"Firstly, the room itself was very comfortable to stay in, and included a firm mattress, ample closet and drawer space, a large desk complete with stereo and TV, powerful air-conditioning, and wi-fi. Beyond the parameters of the room, Phil's home is very clean and comfortable to move around in - and filled with beautiful artisan pieces from Mexico! His stories are as colorful as the art pieces he displays. Beyond his knack for conversation, Phil is a supremely kind host, offering rides and opening his home in ways that made me feel like I was staying with a close relative, not with someone I had just met. Outside of the home, there are restaurants, small shops, and a gorgeous park nearby. Public transportation to downtown and around Boston is easy, as the commuter rail is a 15 minute walk and the orange T-line is a short bus ride away (which can be boarded a block from his home). I can easily recommend staying with Phil with no reservations. "
660258,2011-10-24,1246312,Kei,"The room was very comfortable, with clean and colorful bed, TV, Wi-Fi, desk and closet. And also, I could enjoy many Mexican arts in the house. (for free!)
Phil is a great host. He kindly provided me with a bath towel, coffee and breads, a new teeth brush and any useful information on Boston, and also he took me to the station with his car.
The location is calm but the public transportation is limited. If you will come back at late time in weekend, you will have to take a taxi from Forest Hills station (It costs $8 or so) or walk 30 minutes.
Totally, I was completely satisfied with staying this room."
685634,2011-11-01,812255,Stephanie,"Phil was very accommodating to both my short notice and preference to stay in for the weekend.  I was able to come and go as I pleased and enjoyed the great art.  The room had a space heater, which was great for being able to make the space comfortable to what I prefer.  I was also appreciative of the location and not having to deal with parking nightmares or traffic.  "
1382998,2012-05-30,1634171,Laura,"Phil was a great host.  He was accomodating and helpful.  The room was simple, clean and nice, and his collection of Mexican art added fun and whimsy to the atmosphere.  I had to rent a car while travelling, and parking in front of the house was always available and didn't require a permit.  I'd stay with Phil again!"
1591064,2012-06-29,2643567,Prajakt,"Phil is a wonderful host. The house is located in a charming suburb, with easy access to restaurants and public transport. I enjoyed my stay, and will gladly stay again when I am in Boston. "
2034401,2012-08-19,3143289,Maciek,"My stay at Phil's was great. Phil is a great host, he is very friendly and willing to help if you need anything. I've got several rides to the supermarket and train station, and also helped me out to find the best routes to bike. He is a great cook too, I was once invited to try lobster and his banana bread is awesome !

The house is clean and quiet and so is the neighborhood. Phil is pretty much all the time attending his online business at the studio, so you won't notice him very much.  The bathroom is shared but is very clean and you will get your own cabinet. 

I would stay at Phil's again, and I definitively recommend it. "
2523075,2012-10-06,1295674,Aor,"If you look for a place that the price is very reasonable with conveniently driving to the city, I'd recommend Phil's place. You can imagine how much to pay to stay in a city. Since we drove, it was pretty handy for us, Phil's place is located only 7-8 minutes away or 10+ minutes with traffic. 

The place was clean and comfortable, especially Phil was friendly and helpful. We were welcome to share the kitchen. Some places were not.  Well, for me, to say hello and good bye is pretty important in my culture, therefore, we expected host at least saying such things. Phil was way much over the expectation. Thanks Phil."
2574957,2012-10-10,3421694,Lauri,"Phil is a great host who goes over and above to make your stay comfortable.  From rides to the subway station, to sharing his DVD collection, his kitchen and his home.  Great location, interesting conversations and nice cozy clean room."
3467426,2013-02-03,4699326,Robert,"I was in Boston on a business trip that was scheduled with only a few days notice. Staying at Phil's place was perfect for my needs and a terrific introduction to the Airbnb experience. The room was clean with a comfortable firm mattress, work desk, and windows facing east for enjoying morning sunshine.

I was welcome to use the kitchen and did for breakfasts but found the local eatery around the corner was super convienient for dinners.

Phil had some terrific travel stories that he shared on my last evening in Boston. I would recommend staying here and would definitely stay again."
3899188,2013-03-25,4699326,Robert,"This was my second stay at Phil's place while working in the Jamaica Plain area. This stay was as comfortable, clean, and welcoming as my first visit. We had time to talk about some of the Mexican artwork he sells.

Phil's a host who is attentive to his guests and made my stay very easy to unwind after long hours working. If you like being in a large city and having a quiet spot to relax, this is the place for you."
6186719,2013-08-02,7764124,Settimio,"Phil was great, helpful and very kind during my staying in Boston. He gave to me all the necessary information to move around the city and helped me also finding another apartment while I was living there.
The place was big enough, confortable and located near public transportaion. I would recommend this place to everyone !! I really enjoyed staying with him."
7702734,2013-09-30,7785147,Chey,"I could not be happier with my first Airbnb experience. Having Phil as a host, to be fair, most likely had something to do with it. The room and environment was exactly as advertised with my space being clean, private and functional. I had full access to Phil's kitchen, bathroom and laundry amenities as needed. Phil himself was pleasantly conversant yet professionally distant to help maintain his and my work schedules. I was able to leave early in the morning and come back late per the duties of a medical student without incident.  I highly recommend Phil's Airbnb listing to anyone wishing to study or needing temporary housing in the Boston area. If I ever needed to return to Boston in similar circumstances, I would surely see if Phil was available. He is a great asset to the Airbnb community. Thanks for a wonderful experience!"
7952430,2013-10-09,9034365,Mahavir,"Staying at Phil's was an excellent way to start off my airbnb journey. Given that I am a noob at airbnb there was a mild hesitation but I am glad I took a leap of faith and stayed at Phil's. Phil is an excellent host and a person. He was very helpful, accommodating and fun to talk with. I had a key to myself and he was fine with me walking in anytime. He gave me access to his washer/dryer in the basement which was very useful. He also suggested a bunch of good places to see around Boston. 

About the house:
Safe friendly neighborhood.
Old quaint house with lots of character. 
Tons of interesting art pieces (like Phil mentioned in his ad)
The room is spacious for one/two people with ample of storage.
The bathroom is clean and in good condition.
Plenty streetside parking available outside.
The house is very close to Arnold Arboretum so it is a great place to be in if you like to explore!

Overall I would definitely recommend staying at Phil's if you are around the area."
8095574,2013-10-15,1644716,Angel,"Phil is an excellent host, he went above and beyond by taking me to the train station my 1st morning there to make sure I could find it (it is however only a short walk from the house....very convenient for getting into downtown).  He was also a wealth of information about things I might like to do but would not have discovered on my own. The room is clean and comfortable.  I felt very safe both in his home and in the neighborhood.  Thanks Phil!!!"
8273252,2013-10-22,8541589,Anthony,The reservation was canceled 3 days before arrival. This is an automated posting.
12094709,2014-04-22,10932793,Bill,"Phil was quick to respond and to reach out before the trip to make sure my stay was a pleasant one. The location was great - quick to the bus stop (but not walkable to the T). Bus service is frequent, so it was fine for me.

Phil was super flexible about when I checked in and went out of his way to make me feel welcome. It's clear why he has repeat customers. Breakfast makings available and free reign in the kitchen. Good coffee (french press style) was available (although I ended up running out every morning before taking advantage of it.) 

Their is a 7-11 less than a block away as well as a restaurant or two that I noticed. Parking was easy. Super quite and safe neighborhood (I caught the wrong bus one night and had to walk about a mile around midnight). 

Thanks Phil for a great first AirBnB experience!"
12966551,2014-05-15,4699326,Robert,"Very quiet neighborhood and Phil opens up his apartment home to make your stay pleasant and stress free. If you stay here there is free street parking and the apartment is less than half a block from the bus stop. The room and the shared bathroom are clean. 

I've stayed here before and returning for a short stay felt very much like visiting family."
13120367,2014-05-19,8364428,Jennifer,"Phil was a wonderful host and was very accommodating. The guest room is cozy and the bed was very comfortable. Phil had coffee and bagels waiting for me in the morning and he even gave me a snack for the road. The neighborhood felt very safe and has a bar/restaurant, taco joint and convenience store within walking distance. Parking was no problem. I would recommend this listing and this host. Thanks Phil!"
17602469,2014-08-14,12803661,Ramon,Phil was an extremely pleasant and kind host.  He was a very giving person and made the stay that much better.  We had a few chats here and there even though I was busy most of the time.  Location was fine for me.  Very quaint area but not far from it all also.  Very accommodating! 
17809584,2014-08-17,19675677,Vlad,Great place! Cozy room. Very safe area. Phil is very nice person! I will definitely stay here next time!
18573887,2014-08-28,19195786,Troy,I couldn't have asked for a better host for my first few days in Boston. Phil gave me expert advice on how to get around town and even drove me a few places on weekends when the public transportation came less frequently. The neighborhood is full of character and things to do. I leave my highest endorsement. 
18641466,2014-08-29,14079909,Michael,"Phil was the absolute best!!  After responding within minutes of my last-second request, he waited up late for my arrival (12:30a) and greeted me with a bowl of delicious, homemade minestrone soup.   He was so kind and gracious throughout my stay.  He even drove me to the T station, so I didn't have to walk.  He was the absolute best and I would stay with him again in a second.  I would give six stars if I could."
22181464,2014-11-01,10605904,Jose,"Phil is an amazing host. Always tried to make my stay more comfortable, and was very helpful. He has a very relaxed attitude, which I found to be very pleasant. The room was quite large, and had everything I could possibly need. The room had two windows with a view of his garden, and the decor was also nice. Phil let me use his kitchen, and it had everything I needed.
The house is in a very nice and safe neighborhood. Bus stops are very near (2 min walking). 
I would definitely come back!"
30330541,2015-04-20,7916597,Steve,"My wife & I stayed with Phil for 2 nights when we came over from the UK for the Boston Marathon.  Phil was a delightful host, with the facilities and ambiance of his place being informal and relaxed; exactly what we required. There was good contact with Phil from before our arrival; he was a really convivial host & more than happy for us to use his kitchen (& eat his banana bread!).  It’s a 10min bus ride from the end of Phil’s street to the Orange Line terminus, so you can be downtown in 30mins.  On Sunday, when the bus didn’t run, Phil generously offered & gave us a ride to the ‘T’.  Phil’s place is clean, private, quiet and just a wee bit quirky, with his pieces of Mexican folk art in which he trades peering at you from all directions!  Some are a little bizarre - but in a nice way!  There’s a sports bar, a Mexican restaurant and a Pizza/pasta takeout just round the corner and a 7-11 at the end of the street.  Overall, we enjoyed our brief stay tremendously; just a shame there wasn’t more time to continue the good conversations.  Thank you Phil – you and your place were just the kind of casual, hassle-free bolthole we needed for our short stay in Boston. "
32145906,2015-05-14,4699326,Robert,"I was at Phil's place for 2 weeks for a short work assignment. Staying here was convenient with ample street parking, full use of the kitchen, and a quiet room. 

Phil is very personable and has much to share about Boston. We had some great conversations. 

I'd certainly stay here again when work brings me back to Boston. "
33554558,2015-05-29,34125372,Joshua,"Room is very clean, space is adequate, host is very entertaining and welcoming, nice neighborhood, would definitely come back"
34920326,2015-06-13,35418455,Brandon,"Phil was an excellent host. The room and apartment were well appointed and very comfortable. I very much enjoyed chatting with Phil about his travels and day to day life and his expertise about Boston (as a native) was invaluable to my housing search. This was my first Airbnb experience and Phil has set the bar very high. He was also kind and flexible when my plans changed. I would definitely recommend staying with Phil for those headed to Boston, particularly by car, as his street offers ample parking and quick access to local arteries. "
35388359,2015-06-18,12048482,David,"Phil was a great host, accommodating and friendly without being intrusive. He provides a beautiful apartment in a great neighborhood steps from the arboretum. Great trip."
48403750,2015-09-26,35818731,Martin,"I stayed with Phil for three months over the summer of 2015. Phil provided me with a comfortable room in his pleasant, art-filled apartment. It was a very convenient location for Faulkner Hospital where I was working....a 20 minute walk. Also, the apartment is a handy place for Forest Hills T-station...a nice walk through the Arboretum. Phil is a great host and, in fact, an all-around good bloke.
110% recommendation."
50785292,2015-10-14,25174316,Lydia,"I was in Boston for a convention and Phil made my stay there super comfortable and friendly. He was very accommodating and helpful - he was quite generous with his time in assisting me with my stay even though he runs his business from home. The room is cozy and clean, with plenty of desk area for when I needed to do some work. Also when he had the time, Phil even gave me a ride to where I needed to go (I didn't have a car and mostly took the bus/train) and he was very kind to offer me a few home-cooked meals though I mostly ate out at nearby restaurants. His house is beautifully decorated with lots of folk art and I enjoyed hearing his travel and life stories. He has great information and tips on the local sights and dining options as well as commute options."
71536927,2016-04-26,2285894,James,"Phil was a delightful host. I found his 1920's era house very appealing.  And I enjoyed our conversations, and hearing about his travel adventures.
The bedroom was perfect for me: pleasantly arranged with a very comfortable bed, with a large desk that I wish I had an opportunity to use. The room was conveniently next to both the bathroom and kitchen. I felt very comfortable and at home at Phil's place."
73818656,2016-05-10,40108777,Larry,"Phil was a wonderful host. He was flexible with check in time, and was highly accommodating to us, letting us borrow his umbrella when it as pouring, among other things. I would definitely stay with Phil again. "
76635164,2016-05-28,67755817,Joseph,"Phil is a very nice man and a welcoming host. Room and amenities were as described in the post. Good, quiet location with plenty of parking available. "
80429995,2016-06-18,1390735,Keith,"I enjoyed staying here.  The room was clean, quiet, and comfortable.  Phil's apartment is within walking distance of great park trails and the Arboretum.  "
83240575,2016-07-02,1390735,Keith,Another great stay at Phil's place.  
86710353,2016-07-17,79944249,William,"When we arrived, Phil picked us up at the Forest Hills Station of Orange Line by MBTA. 

Phil's hospitality, patience, generority, and thoughtful consideration just made us feel at home!

 Moreover, heartfelt gratitude for Phil to invite me to  Phil's family parties. Because it made my dreams of knowing your American folks life style come true!

For more information, as a supplement to Phil's statement, there is a Chinese Restaurant (Hong Kong 888) round the corner!

Looking forward to staying at Phil's house again."
91464023,2016-08-05,73213818,Chrislynn,"Phil's place is well appointed and in a very nice neighborhood. There is a convenience store and a few restaurants around the corner and Roslindale Village is about a fifteen minute walk away. Getting to/from downtown Boston can take a bit of time especially during the evening or Sunday's when buses run less frequently so make sure to leave plenty of time if you have appointments there. Overall the neighborhood is very charming and Phil is great host, he's a great source of information and very responsive to any questions you may have during your stay. "
13077,2009-10-11,33258,Cecil,"The unit was quiet, convenient, & excellently connected to the ""T""... Walking the Freedom Trail & nearby Beacon Hill area was the highlight of our trip. The unit was very spacious and luminous, kitchen was rather small but since we didn't eat in it was fine.. plenty of space FOR 2 people. Ann was an excellent host, fixing our problem and in touch.
Well done."
14477,2009-10-21,41425,Tim,"We had a good time staying in Boston. Anne Sasser is a realestate manager who handles multiple places including longer stays. She therefore knows her business and is very flexible. The apartment was in a nice building on Beacon street, right next to the Mass State house; so very conveniently located, and clean enough, although the cutlery could have been a little cleaner. The appliances were all fine and laundry was easy enough. I would recommend this stay if you are out all day like we were. The rate is very reasonable and better than any hotel in that area, and there is a kitchen so you don't have to go out every night."
15676,2009-10-31,41242,Tamas,Anne was a wonderful and very helpful host! The apartment is friendly and has an excellent location. We really enjoyed our stay there.
15958,2009-11-02,33922,Nancy,Fantastic location! Comfortable unit! Anne couldn't have been a better host- went out of her way to accommodate us! 
21316,2009-12-24,63117,Jonathan T,"I am delighted to give everyone my full endorsement of Anne and her apartments.   She is cheerful, warm hearted and will fix anything.  For example, the TV was out of sync and she made it work.  The apartment was very clean. If you need a place to stay in Boston get in touch with Anne.  Jonathan, from Vermont"
22540,2010-01-02,46623,Christina,The apartment on Beacon Street was just great. The updated kitchen was a pleasure to cook in and there were all sorts of kitchen accessories to make it feel like home. Anne was extremely attentive to us and a plesure to meet.  We will connect with her again to rent an apt. in Boston! 
7361017,2013-09-17,2262008,Adam,"Great condo! AMAZING rooftop deck (with killer views) which wasn't listed in the ad. Giant, comfy bed. Nice bathroom. Totally recommend booking it!"
7620273,2013-09-27,7427248,Randi,"This was our first time with Airbnb and we are so pleased! Our apartment in Boston on Beacon Hill  was all we hoped for and more and Anne was so helpful. She worked with us on some scheduling issues for check in and out and we felt we were in good hands. The apartment was just right, so comfortable and in a perfect location for walking to all of Boston's main sights, or to hop on the T. While there is street noise the window fan helped mask that. It also was a very interesting old building and we felt very safe. would love to return tomorrow!"
10660675,2014-03-02,11232045,Andrea,"The apartment is perfect for anyone who needs a furnished place to stay for either several days or several weeks.  I rented this place for one month so I got a good feel for the building and the unit.  The unit is very much as described, actually a bit nicer than the pictures do it justice.   The kitchen has much of what you need for simple cooking and a decent counter space to work with.  The bathroom is recently renovated. There is a bit of street noise but that was pretty much concentrated on Fri or Sat evenings, not during the week.  The heat can either be on or off, but that worked just fine to regulate the temperature. 

The building is quite nice with a lovely lobby and nicely maintained common areas.  You feel very safe and it is generally very quiet, you are unlikely to even see many other residents. 

The location is AMAZING for anyone wishing to be downtown to explore, tour, enjoy the great city of Boston.  A few minutes walk from Park St T stop, Beacon Hill, Back Bay, Financial District. You can see the Boston Common.  

Anne was a fine host - responsive to inquiries during rental process, had the unit cleaned and organized for my arrival, and was responsive to my questions during my stay.  "
13545096,2014-05-30,7918820,Linda,"Anne is a very friendly and helpful host. She even did her best to send me back an item that I forgot at her apartment. The apartment is located at an excellent place and the view from the roof top is gorgeous. The apartment was very clean and had everything I needed. I was happily surprised about that, because some of the amenities present were not mentioned in her advertisement for the room. I recommend staying here."
17214774,2014-08-09,17264085,Peggy,"Anne was fantastic! Getting in to the unit was easy and she was there to explain the specifics.  The location is PERFECT! I would definitely stay here again when visiting Boston.  The room is very clean and nice and the comfortable furniture is great after walking all day. The bed is comfy too!
The restaurant next door is great, and there is a convenience store on the corner.  The view from the top deck is fantastic. 
This was a great dollar value and added to the success of our trip."
27054294,2015-02-24,24530156,Tomas,"Departamento muy comodo y bien ubicado. Anne muy preocupada y dispuesta a ayudar tanto con cosas del departamento como externas. Volvería feliz.

Very comfortable and an amazing location (really close to everything, the T included) 
Anne was very helpful since the first day that I contacted her. "
28999057,2015-04-02,21856931,Brian,"Our stay at the Beacon apartment was excellent! Anne was extremely helpful and the apartment is perfect for a single traveler or couple. The building is in a beautiful area adjacent to the state house and the Boston Commons, across the street from the Athenaeum, walking distance from many restaurants, and is a 5 - minute walk from the T. The apartment itself is very comfortable, with a new mattress on the bed and a good-sized living room. Would definitely stay here agin, very comfortable and convenient!"
29837932,2015-04-13,4106395,Susan,"Easy to check in. Make sure to re-read the fine print on the complex's $100 move-in requirement - we would have forgotten to bring a check if Anne hadn't reminded us right before. The unit was out of TP, but Anne brought some for us the next day.  She was very accommodating on a late check-out - we left our luggage there before our night flight so we could still explore. I would love to see a guest book of maps and restaurant recommendations - there were a couple guidebooks, but they were a bit out of date. The location is perfect - perfect- perfect for sightseeing."
30431527,2015-04-21,31365954,Kelly,"This was a great solution to finding a place to stay in Boston on Marathon weekend.  Beautiful building, central location and wonderful staff!  Anne was so great to work with.  Responsive, helpful and flexible.  Thinking of going back in September! "
32108117,2015-05-14,11915520,John,Everything as advertised.  Great apartment and great location.  Would stay there again.
33029347,2015-05-24,13563648,Alec,Anne was great. She responded quickly and helpfully when we wanted a last minute booking and had pre-booking questions. She met us at the apartment upon our arrival and helped provide area orientation directions. The apartment met all our needs and was as described ... and is a great location!
43031836,2015-08-17,10180285,Charmian,"I am very happy with Anne’s apartment- well-set bedrooms and ready for use kitchen with coffee and basic cooking ingredients. It feels really like home!

The location is perfect for me. I walked to see my children at Berklee college of Music along the beautiful Charles River. The Apt. is right across the Boston Common Park, and is a short walk to all shopping at the Financial district and China Town.
The security ans service of the building is also exceptionally great.

Anne is always readily available for me with any questions I have.  I am very grateful.

"
113817,2010-10-07,249830,Allegra,Very patient even when we were having technical difficulties.  I really enjoyed my stay at his place and would definitely work with Frank again!
297940,2011-06-05,401104,Kenneth,everything was as it was said  convient nice etc please stay here
341672,2011-06-28,732077,Yale,"My friend and I had decided only two weeks ago to go to Boston, and only a week ago to bring our wives. Looking at all the options available, Frank's place was the perfect location at a great price. It's a 3-story walk-up with the second and third-stories being the apartment. We were on a road trip up there from Atlanta, and were caught in a huge thunderstorm on the way. I almost thought that our reservation had been cancelled, but Frank pulled through at the last minute and allowed us to stay. If you saw the pictures of the place, they don't really do justice. The place was immaculately clean. They left us fresh towels and soap. The private parking area with gated lock was also great for leaving the car without worry. My only regret is not being able to stay longer. If you're looking for a great place that's close to Boston, the airport, that's clean, comfortable and relaxed, then definitely hit up Frank's place!"
438269,2011-08-12,481632,Declan,"We stayed at Frank's apartment for almost three weeks and it provided a real home from home as a central base to explore the Boston central and the greater Boston region..
The apartmernt was spacious for four of us and  nice and clean. Frank was very prefessional in his approach and attentive to any requirements we had
"
1219809,2012-05-02,1919090,Tooraj,"Frank is a great host and he is extremely caring and generous in his offerings. We had a great time at his place. 

The place was big enough for three of us and we had a great time as we were able to work and study together and socialize. If we were at a hotel we would not have been able to have the same environment to mingle and hang out. "
11509352,2014-04-06,12099262,Joc Cing,"From David:

Highly recommended - Had a very comfortable 6 week stay for business. The apartment is in a quiet location with great views from the balconies, and it had every facility you could ask for. Frank was extremely helpful in providing assistance, even when we accidentally locked ourselves out of the apartment!

From Zaiyi:

Highly recommended – It’s a cosy and spacious apartment and we had a good time there.  The apartment is very clean (I didn’t believe in a dustless home until I see this apartment), well-organized, and well-equipped.  Frank is a very organized and efficient host, providing clear instructions for every stage of our stay."
12583433,2014-05-05,13005827,Samantha,"Frank was an absolute pleasure to work with (and very patient with me, given this was my first airbnb lease.)
The apartment was in a great neighborhood, easily accessible to the ""T"" and was very clean.
The directions into the space were clear and the apartment felt very safe.
"
13663821,2014-06-02,12590192,Quyen,"Frank was really great through the entire process, from booking to the stay. He responded to emails quickly and checked in to see that everything was ok when we arrived. The house is charming, spacious, and the bedrooms on separate floors gives additional privacy if needed. Finally, it is in a convenient location for getting to the airport. If you will have a car to get around, this is a great spot to stay."
38308273,2015-07-14,36232457,James,Great experience! Location was very good… My daughter and I loved it! As advertised! Frank was extremely helpful!as advertised and more!
43828321,2015-08-22,29340670,Monalisa,"Frank was great at leaving detailed instructions on how to access the place, where to park, recommendations to eat, etc.  Very helpful to not have to worry about the logistics part so my family could focus on the vacation!  The view from the backyard balconies isn't captured by pictures, really a nice plus to our stay.  There were even binoculars on the shelf inside the house to use.  The kitchen was stocked with many essentials (tea, seasonings and sugars, all the cooking pans/pots) so for those who want to cook, this is a great place.  

Getting out of East Boston towards downtown will cost you $3.50 each time you exit, unless you go the long way around and avoid the toll, but for the money you save on rent on this place it's totally worth it.  There aren't extensive grocery shops or cafes nearby, but there are a few cute restaurants.

The place was clean, nicely decorated, and very cute.  Comfortably slept two adult couples in the respective upstairs/downstairs beds, and a few kids in the upstairs living room.  :)  There was a nice park nearby that we drove by, but didn't see until our last day, but seemed like a nice place to spend an afternoon by the water.  

Overall, I would definitely recommend this place if you have a car and can easily commute.  If you don't have a car, the T is a 10-15 walk away, so not bad either.  "
46507065,2015-09-11,41275346,Alexa,"Frank's place was very clean and spacious. Plenty of room for 4 people and additional privacy with bedrooms on separate floors. The home matches and is even better than what is in the pictures. You can view the harbor from the balconies and the short proximity to the harborwalk was great. It is right in a residential area near a park, so it was great to interact with the locals.

Frank's response time for emails was quite reasonable, and he was easy to work with to set up my visit (as this was my first time using Airbnb). I felt a little overwhelmed by all the instructions Frank provided, but they were very detailed and had helpful suggestions for the area. I would highly recommend staying here!"
83021395,2016-06-30,66856188,Øystein,"Franks place was the perfect place to stay in Boston for our family of two adults and two kids. The apartment is cosy, was very clean and had everything we needed for our seven week stay.
We didn't have a car, but that was no problem with the bus passing just a few steps down the road taking us to the T(subway) in a few minutes, and only a few T-stops from downton Boston and transfer to all other T-lines. The bus also tok us right to and from the supermarket, which was also very convenient.
The apartment is close to the airport, so we was a bit worried about noise - but it was very quiet and no problem at all. Being so close to the airport was actually very convenient since it is only a 5 minute walk to the airports carrental-center and also the airport shuttlebus.
The neiborhood is also quiet and there are both nice parks, playgrounds and basketcourses in the area(perfect for relaxing or playing with the kids).
The host Frank was very friendly, and is easy to communicate with on email - always answering the same day or the next morning if we had any questions.
So if you're planning a trip to Boston I would absolutely recommend this place!"
93412645,2016-08-12,68753152,Sandra,"Frank was a very gracious host, always very attentive when we had questions or were in need of something. The flat is very cozy and complete for everything you might need. Conveniently located near the T station. Would definetly return. 
Sandra and Caroline.
August 2016"
558467,2011-09-22,874191,Hyun Jin,"Everything was great. I wish they had advertised that there was a roof deck! There is a roof deck with a very nice weber gas grill on this particular unit. If you have heavy luggage, please be aware that there is no elevator. This wasn't a problem for me however, and I enjoyed my stay."
1733580,2012-07-17,2640345,Tino Nicolas,"PROS: 

Location was great and the apt looked exactly how it was pictured. The bed was comfortable, we had two sets of clean sheets and several towels. Soap and shampoo were also provided.

CONS: 

Air conditioner was not controlled from our room (8), but from room number 7. Therefore we had NO control at all about the temperature of our location and during the whole time we were freezing. We called Seamless transitions several times and the most they could do was offering to call to room number 7 or some extra blankets. Neither of those resolved our problem. 

Overall: 

Great experience and would book it again, no doubt! 
It would have been a 5/5 should the A/C had been controlled from our room. 
"
1878631,2012-08-03,1710888,Kate,"We stayed in unit 8.  Exactly as pictured.  Clean and efficient.  Four story walk up so be prepared for that.  Our place was at the base of the stairs up to the fantastic roof top deck.  Easy walk to the T (Prudential or Back Bay).  10 min to restaurant row.
"
4506191,2013-05-09,5718485,M.,"The neighborhood is great - really close to shopping, Hynes, and Backbay. The room itself was very clean and well-kept and looked exactly like the pictures. It was quiet and overall the stay was very pleasant.

My only complaint was that the promised free wifi did not work. The signal would appear for a minute or so and then disappear. I tried on multiple devices (Mac and PC) and never had any luck. I emailed Kitty at Seamless Transition and never heard back from her during my stay (or since). 

All in all - this was my first AirBnB experience and it overall was a very good one. However, if you are planning on getting any work done and need a wifi signal do not count on there being one. You'll  have to head to the nearest Starbucks. I was also a bit disappointed that I never heard back from them. "
8916816,2013-11-25,2205790,Edward,"Great place, very amenable, very convenient location for where I needed to be. The fire is a nice touch in the cold weather, heats up the place very quickly!"
20589272,2014-10-01,21806095,Sean,"This was one of the best stays I've had. Incredibly easy, nice email before coming with door code and instructions. Clean place with everything described.

When I come back to Boston, I'm coming here 100%."
36076664,2015-06-24,36299918,Chris,"Great little studio apartment!  Clean and well decorated; easy to access even though I arrived very late.

I needed a place to stay at the last minute when all of Boston was booked and Kitty was awesome and worked to help find me a place.  In fact, of the 7 inquiries I made on AirBnB Kitty was by far the fastest to get back to me and made it possible for me to make the trip to Boston."
47383845,2015-09-18,41729389,Maxwell,"I loved it! Felt like a hotel, but better. Even though I was there for a only a couple days this is the only way I would stay in Boston ever again."
51788177,2015-10-24,45674243,Susan,"Wonderful experience. Truly seamless. They were very helpful, I lost the email with all of the codes to get in and out and they got a new set right over to me. I would definitely return next time I am in Boston!"
320477,2011-06-18,523286,Sunny,"The location for the Back Bay Studio (on Hereford) was excellent.  Very close to restaurants and the Prudential Center.  I stayed in Studio #1 as labelled in the pictures. Great furnishings and amenities, and wifi worked great.  

Only downside was the steep, narrow stairs to get up to the 3rd floor.  

The mattress was hard but acceptable. I would definitely rent this place again."
645459,2011-10-19,801911,Rafael,"The apartment was small, but very cozy and very well located with just a few blocks from Prudential Center and T-subway. Apartment very clean and everything works fine. Do not recommend big luggage once there are 03 levels of stairs. Very close to several good restaurantes and bakeries."
825193,2012-01-02,249121,Sara & Marc,"Great, safe location a block from Newbury Street. The studio was clean and had everything we needed -- more so, in fact, because though we didn't get around to eating in, the kitchen had a nice, new gas stove, dishwasher, and fridge. Only drawbacks were the noise from the street at night and the noise from the very creaky bed. Otherwise, good spot!"
937853,2012-02-21,543631,Tora,"Our stay in Boston was lovely, thanks to Seamless Transition's super easy check-in system! The units are beautifully renovated and furnished, and it really was seamless to get into our place. The location was absolutely amazing - we were in the center of everything we visited in Boston. This is definitely the place to stay if you like to make yourself at home for a few days. The unit was also spotlessly clean. The only downsides were that it was short on the extra touch amenities that really make a place stand out - it was missing things like salt + pepper in the kitchen, shampoo in the bathroom, and kitchen towels. The main office staff was super helpful on our check out day and let us leave our bags for a number of hours. I imagine that you could request amenities if you needed them. Overall this was a great stay!"
972539,2012-03-05,1762120,Ben,"Fantastic location, right on Newbury St. Clean, convenient. Pretty small, but that's no surprise when it's advertised as a 500 sq. ft. studio.

"
1042755,2012-03-26,1620134,Imke,Great Location!  Small but clean!  Coffee brewer but no complimentary coffee to brew!  Quiet place to sleep in a loud city.  :)
1103010,2012-04-09,499891,Kate,"Excellent accommodation, efficiently hosted: I thoroughly enjoyed staying in this comfortable, attractive and well-located studio apartment while attending a conference a few blocks away, and I'd wholeheartedly recommend it to others.  Very glad that the conference hotel was full! "
1146458,2012-04-17,2127265,Huntly,"Excellent location, the apartment is right on Newbury street, which is the center of town in terms of nice stores and restaurants. Its also close to public transportation, so easy to get to other areas in the city. The apartment is a 3rd floor (or higher) walkup, but wasn't a problem for me as a fit younger person. My girlfriend, however, faced some difficulties with the climb. 

The space is not big, but at the discounted price its a good value. One drawback was the matress, it was firm bordering on too hard. Still fine though.

Overall I would recommend."
1443920,2012-06-09,2384772,Pradeep,Great location. Facility was very clean and had all the amenities needed for a short stay. My only issues were that the room and bathroom were smaller than I expected and the heat tended to make some noise. 
4140435,2013-04-13,4137244,Gerald,the location is super and the appartment is really comfortable.
5381305,2013-06-27,6402314,Janice,"Amazing location! Clean, secure and great to have a kitchen . The only issue was the noisy air conditioning at night. Seamless was very prompt in correspondence to make sure my first Air BnB experience was positive. "
5854358,2013-07-19,1132053,Reiko,"This was a wonderful accommodation for much less than what a hotel in the neighborhood would cost. It is perfectly located, on a quiet side street but near all the amenities of Newberry and Boylston. The place was immaculate and well-equipped. The key-code system eliminated any logistical challenges re: getting a physical key. The only bump was that it was confusing to get the TV on and working. "
7319704,2013-09-15,8751492,Alison,"The studio apartment we rented was PERFECT! A very cute and clean space with a small kitchen, it was all we needed. The location was ideal right off Newbury street shops, restaurants, and walking distance to Fenway Park. The T station is just a couple blocks away which is how we chose to explore the rest of Boston. I have already recommended it to anyone I come across that has plans to visit Boston in the future. We hope to make a trip back soon and would definitely rent this spot again!"
7491957,2013-09-22,8629474,Nancy,This was our first airbnb experience and it was very good.  Seemless was quick to respond to all our questions.  The room was small but that was clear in the listing.  The location could not have been better.  There were lots of towels. The lock system worked flawlessly so we didn't have to meet up with anyone for keys.  I will definitely look for Seemless in the other cities they work in.  Thanks for a great vacation.
8314356,2013-10-25,7561022,Marianne,"Fantastic location, great communication, all you could need/want for your stay in Boston. Parking on Newbury St is very handy, fabulous shops and restaurants nearby. Small studio space but it's all you need for a city stay. Would definitely return."
15932086,2014-07-18,9078182,Daniel,Good place in the Back Bay.  Fine system of check-in and easy communication. Thanks. 
16116777,2014-07-22,7963669,Madeline,Host was great communicating the info for check in quickly and clearly. Great spot for spending time in Back Bay! Just we needed in a cool neighborhood for way less than a hotel. Definitely recommend! 
18911397,2014-09-02,8205684,Adrienne,"My husband and I were very disappointed with our stay. The photos aren't the same photos as the room itself. These photos show a bay window and a much larger kitchen, and our room had a (non-bay) window that was covered with fire escapes and overlooked another brick building and the kitchen was significantly smaller. On top of that, a lamp didn't work, the water in the tub wouldn't drain, and it was overall in very shabby condition. We were shocked at the price we paid for a motel quality room. Needless to say, we won't be staying here again. At the price they're charging, you're better off at a hotel.

The one good thing I will say is that the location is excellent."
36564591,2015-06-29,34655247,Christina,"We were able to check into our room early, which was very accomodating. The studio appartment was pretty much identical to the posting, the only exception being the amount of dust on light fixtures and appliances. The location was absolutely perfect. All parts of Boston-the Back Bay, the North End, the South End were all within walking distance. Overall, we were pleased with our stay."
40261661,2015-07-29,38097403,Luke,"The apartment was nice, clean and cool! Everything I needed while staying in town for business. They also have a great system to let guests in and out of their rooms and the building, you don't have to meet up with anyone!"
55355939,2015-12-01,4685641,Sophie,"This apartment is in the perfect location and is well set up. Great kitchen, bathroom and bed. Check in was easy with door codes. We were able to check in early too which was fantastic. The only criticism would be that the room is quite light due to the bay windows and shutters so we woke early every morning. It is worth it for the lovely bay window. Highly recommended. "
80421044,2016-06-18,52594812,Ben,"Room left a bit to be desired for the price. Small bedroom and kitchen, bathroom a bit dated. Bed not very comfortable, AC unit was a bit finicky. That said, location was tough to beat and communication / entry were seamless. Other AirBnB's in neighborhood are better- I would stay again though only as a last resort."
46560,2010-05-26,118649,Cathy,"I stayed in the studio in lston St 1330, BoyFenway. The apartment is new and clean, with a good kitchen. We love the place. However, the move-in instruction e-mail came in the very last minute that I can only have a quick look before I left home to the airport.

The service of the reception of the building was not good/helpful at the time I arrived. I arrived at 12pm but the reception told me the check-in time is 3pm (I have no idea about this at all!). Besides, he was looking kinda ""not my business"".

However, there are different shift during a day, and very soon I found that most of the reception assistant there were quite nice and helpful.

For the place itself, this is te best one among all the apartments I stayed in Bangkok and China. However, one is better to make sure the move-in instruction is received well before the trip is started, and confirm the check-in, check-out time."
103504,2010-09-23,225244,Nami,"This place is perfect. the location is a bit far from the city center, but since there is a subway station nearby (less than 10 min. walking), that wouldn't mind you. There is a store chain just 5 minutes away walking. The staff were nice and cooperative.
As a tip, do not forget to get the move in instruction before check in. Although we reserved the place a week earlier, we got it last minutes.
Overalls, we enjoyed our stay at 1330 Boylston and we do recommend it."
133539,2010-11-04,271554,Jasmin,"Fantastic service, beautiful apartment, and Kitty is a superstar, helping even at the very last minute!
It's been a pleasure, highly recommended."
