[{"created_at":"Thu Mar 02 04:14:03 +0000 2017","id":837154008917737500,"id_str":"837154008917737472","text":"find the alchemist member","truncated":false,"entities":{"hashtags":[],"symbols":[],"user_mentions":[],"urls":[]},"metadata":{"iso_language_code":"en","result_type":"recent"},"source":"<a href=\"https://about.twitter.com/products/tweetdeck\" rel=\"nofollow\">TweetDeck</a>","in_reply_to_status_id":null,"in_reply_to_status_id_str":null,"in_reply_to_user_id":null,"in_reply_to_user_id_str":null,"in_reply_to_screen_name":null,"user":{"id":830023801140346900,"id_str":"830023801140346880","name":"rabi connoisseur","screen_name":"nanaki_obi","location":"obi – 19 – he/him","description":"Ah... I got found out...","url":"https://t.co/VEhY6f2Oq4","entities":{"url":{"urls":[{"url":"https://t.co/VEhY6f2Oq4","expanded_url":"https://listography.com/obi","display_url":"listography.com/obi","indices":[0,23]}]},"description":{"urls":[]}},"protected":false,"followers_count":107,"friends_count":117,"listed_count":0,"created_at":"Fri Feb 10 12:01:10 +0000 2017","favourites_count":954,"utc_offset":-10800,"time_zone":"Brasilia","geo_enabled":false,"verified":false,"statuses_count":4610,"lang":"en","contributors_enabled":false,"is_translator":false,"is_translation_enabled":false,"profile_background_color":"000000","profile_background_image_url":"http://abs.twimg.com/images/themes/theme1/bg.png","profile_background_image_url_https":"https://abs.twimg.com/images/themes/theme1/bg.png","profile_background_tile":false,"profile_image_url":"http://pbs.twimg.com/profile_images/833513595229110274/cSGAQWef_normal.jpg","profile_image_url_https":"https://pbs.twimg.com/profile_images/833513595229110274/cSGAQWef_normal.jpg","profile_banner_url":"https://pbs.twimg.com/profile_banners/830023801140346880/1488365868","profile_link_color":"212062","profile_sidebar_border_color":"000000","profile_sidebar_fill_color":"000000","profile_text_color":"000000","profile_use_background_image":false,"has_extended_profile":true,"default_profile":false,"default_profile_image":false,"following":false,"follow_request_sent":false,"notifications":false,"translator_type":"none"},"geo":null,"coordinates":null,"place":null,"contributors":null,"is_quote_status":false,"retweet_count":0,"favorite_count":0,"favorited":false,"retweeted":false,"lang":"en"},{"created_at":"Thu Mar 02 04:14:03 +0000 2017","id":837154008858931200,"id_str":"837154008858931201","text":"RT @RepublicStaff: Find out more about battle to uncover royal secrets with @palaceletters and @alexvtunzelmann. March 11 - London. https:/…","truncated":false,"entities":{"hashtags":[],"symbols":[],"user_mentions":[{"screen_name":"RepublicStaff","name":"Republic","id":19659004,"id_str":"19659004","indices":[3,17]},{"screen_name":"palaceletters","name":"Jenny Hocking","id":788560328640503800,"id_str":"788560328640503808","indices":[76,90]},{"screen_name":"alexvtunzelmann","name":"Alex von Tunzelmann","id":115941509,"id_str":"115941509","indices":[95,111]}],"urls":[]},"metadata":{"iso_language_code":"en","result_type":"recent"},"source":"<a href=\"http://twitter.com/download/iphone\" rel=\"nofollow\">Twitter for iPhone</a>","in_reply_to_status_id":null,"in_reply_to_status_id_str":null,"in_reply_to_user_id":null,"in_reply_to_user_id_str":null,"in_reply_to_screen_name":null,"user":{"id":788560328640503800,"id_str":"788560328640503808","name":"Jenny Hocking","screen_name":"palaceletters","location":"Melbourne, Victoria","description":"Help us reclaim our history! Release the palace letters. Visit our Chuffed site to support the campaign.","url":"https://t.co/wgvKhwU6EU","entities":{"url":{"urls":[{"url":"https://t.co/wgvKhwU6EU","expanded_url":"https://chuffed.org/project/release-the-palace-letters","display_url":"chuffed.org/project/releas…","indices":[0,23]}]},"description":{"urls":[]}},"protected":false,"followers_count":74,"friends_count":45,"listed_count":0,"created_at":"Wed Oct 19 02:00:07 +0000 2016","favourites_count":10,"utc_offset":-28800,"time_zone":"Pacific Time (US & Canada)","geo_enabled":false,"verified":false,"statuses_count":40,"lang":"en","contributors_enabled":false,"is_translator":false,"is_translation_enabled":false,"profile_background_color":"000000","profile_background_image_url":"http://abs.twimg.com/images/themes/theme1/bg.png","profile_background_image_url_https":"https://abs.twimg.com/images/themes/theme1/bg.png","profile_background_tile":false,"profile_image_url":"http://pbs.twimg.com/profile_images/788955934462582784/UIEXmPzs_normal.jpg","profile_image_url_https":"https://pbs.twimg.com/profile_images/788955934462582784/UIEXmPzs_normal.jpg","profile_banner_url":"https://pbs.twimg.com/profile_banners/788560328640503808/1476843331","profile_link_color":"FF691F","profile_sidebar_border_color":"000000","profile_sidebar_fill_color":"000000","profile_text_color":"000000","profile_use_background_image":false,"has_extended_profile":false,"default_profile":false,"default_profile_image":false,"following":false,"follow_request_sent":false,"notifications":false,"translator_type":"none"},"geo":null,"coordinates":null,"place":null,"contributors":null,"retweeted_status":{"created_at":"Wed Mar 01 17:38:01 +0000 2017","id":836993942814093300,"id_str":"836993942814093314","text":"Find out more about battle to uncover royal secrets with @palaceletters and @alexvtunzelmann. March 11 - London. https://t.co/9oC0T1qJS3","truncated":false,"entities":{"hashtags":[],"symbols":[],"user_mentions":[{"screen_name":"palaceletters","name":"Jenny Hocking","id":788560328640503800,"id_str":"788560328640503808","indices":[57,71]},{"screen_name":"alexvtunzelmann","name":"Alex von Tunzelmann","id":115941509,"id_str":"115941509","indices":[76,92]}],"urls":[{"url":"https://t.co/9oC0T1qJS3","expanded_url":"http://republic.org.uk/membersday","display_url":"republic.org.uk/membersday","indices":[113,136]}]},"metadata":{"iso_language_code":"en","result_type":"recent"},"source":"<a href=\"https://about.twitter.com/products/tweetdeck\" rel=\"nofollow\">TweetDeck</a>","in_reply_to_status_id":null,"in_reply_to_status_id_str":null,"in_reply_to_user_id":null,"in_reply_to_user_id_str":null,"in_reply_to_screen_name":null,"user":{"id":19659004,"id_str":"19659004","name":"Republic","screen_name":"RepublicStaff","location":"Across the country","description":"Membership based campaign to replace the monarchy with an elected head of state. Voice of the republican movement.","url":"https://t.co/oHfQOqranW","entities":{"url":{"urls":[{"url":"https://t.co/oHfQOqranW","expanded_url":"http://www.republic.org.uk","display_url":"republic.org.uk","indices":[0,23]}]},"description":{"urls":[]}},"protected":false,"followers_count":17574,"friends_count":1046,"listed_count":275,"created_at":"Wed Jan 28 16:09:01 +0000 2009","favourites_count":1077,"utc_offset":0,"time_zone":"London","geo_enabled":true,"verified":true,"statuses_count":15105,"lang":"en","contributors_enabled":false,"is_translator":false,"is_translation_enabled":false,"profile_background_color":"FFFFFF","profile_background_image_url":"http://pbs.twimg.com/profile_background_images/570226248/5jijkl66ibm5de3pd8vm.jpeg","profile_background_image_url_https":"https://pbs.twimg.com/profile_background_images/570226248/5jijkl66ibm5de3pd8vm.jpeg","profile_background_tile":false,"profile_image_url":"http://pbs.twimg.com/profile_images/2278038035/8cfz4663xkyq188a8bzs_normal.png","profile_image_url_https":"https://pbs.twimg.com/profile_images/2278038035/8cfz4663xkyq188a8bzs_normal.png","profile_banner_url":"https://pbs.twimg.com/profile_banners/19659004/1469436654","profile_link_color":"0F354C","profile_sidebar_border_color":"FFFFFF","profile_sidebar_fill_color":"B8C5EF","profile_text_color":"515151","profile_use_background_image":true,"has_extended_profile":false,"default_profile":false,"default_profile_image":false,"following":false,"follow_request_sent":false,"notifications":false,"translator_type":"none"},"geo":null,"coordinates":null,"place":null,"contributors":null,"is_quote_status":false,"retweet_count":1,"favorite_count":1,"favorited":false,"retweeted":false,"possibly_sensitive":false,"lang":"en"},"is_quote_status":false,"retweet_count":1,"favorite_count":0,"favorited":false,"retweeted":false,"lang":"en"},{"created_at":"Thu Mar 02 04:14:03 +0000 2017","id":837154008120901600,"id_str":"837154008120901638","text":"Yo why didn't anyone tell me that the goatdude in Narnia was James McAvoy wow i had to find this out from a MEME","truncated":false,"entities":{"hashtags":[],"symbols":[],"user_mentions":[],"urls":[]},"metadata":{"iso_language_code":"en","result_type":"recent"},"source":"<a href=\"http://twitter.com/download/iphone\" rel=\"nofollow\">Twitter for iPhone</a>","in_reply_to_status_id":null,"in_reply_to_status_id_str":null,"in_reply_to_user_id":null,"in_reply_to_user_id_str":null,"in_reply_to_screen_name":null,"user":{"id":95238616,"id_str":"95238616","name":"Cem Ertekin","screen_name":"ACErtekin","location":"Tiohtià:ke (Montreal), Quebec","description":"political theorist by night, social media manager by day; but actually i just play video games and read star wars books all the time","url":"https://t.co/IY32b1MLrG","entities":{"url":{"urls":[{"url":"https://t.co/IY32b1MLrG","expanded_url":"http://www.cemertekin.com","display_url":"cemertekin.com","indices":[0,23]}]},"description":{"urls":[]}},"protected":false,"followers_count":398,"friends_count":333,"listed_count":8,"created_at":"Mon Dec 07 17:08:39 +0000 2009","favourites_count":273,"utc_offset":7200,"time_zone":"Istanbul","geo_enabled":true,"verified":false,"statuses_count":9024,"lang":"en","contributors_enabled":false,"is_translator":false,"is_translation_enabled":false,"profile_background_color":"000000","profile_background_image_url":"http://pbs.twimg.com/profile_background_images/364634756/wallpaper-1019267_copy.jpg","profile_background_image_url_https":"https://pbs.twimg.com/profile_background_images/364634756/wallpaper-1019267_copy.jpg","profile_background_tile":true,"profile_image_url":"http://pbs.twimg.com/profile_images/495784473049714688/ZdQTWdRX_normal.jpeg","profile_image_url_https":"https://pbs.twimg.com/profile_images/495784473049714688/ZdQTWdRX_normal.jpeg","profile_banner_url":"https://pbs.twimg.com/profile_banners/95238616/1364927416","profile_link_color":"0026FF","profile_sidebar_border_color":"FF0000","profile_sidebar_fill_color":"000000","profile_text_color":"FF0000","profile_use_background_image":true,"has_extended_profile":false,"default_profile":false,"default_profile_image":false,"following":false,"follow_request_sent":false,"notifications":false,"translator_type":"none"},"geo":null,"coordinates":null,"place":null,"contributors":null,"is_quote_status":false,"retweet_count":0,"favorite_count":0,"favorited":false,"retweeted":false,"lang":"en"},{"created_at":"Thu Mar 02 04:14:03 +0000 2017","id":837154006262689800,"id_str":"837154006262689792","text":"Turn over a new leaf and look what you find ✨ https://t.co/n3LW5VlHBt","truncated":false,"entities":{"hashtags":[],"symbols":[],"user_mentions":[],"urls":[],"media":[{"id":837153967133990900,"id_str":"837153967133990912","indices":[46,69],"media_url":"http://pbs.twimg.com/media/C54rGQFUoAAmkEx.jpg","media_url_https":"https://pbs.twimg.com/media/C54rGQFUoAAmkEx.jpg","url":"https://t.co/n3LW5VlHBt","display_url":"pic.twitter.com/n3LW5VlHBt","expanded_url":"https://twitter.com/ABCevilleSOUP/status/837154006262689792/photo/1","type":"photo","sizes":{"small":{"w":680,"h":680,"resize":"fit"},"medium":{"w":1024,"h":1024,"resize":"fit"},"large":{"w":1024,"h":1024,"resize":"fit"},"thumb":{"w":150,"h":150,"resize":"crop"}}}]},"extended_entities":{"media":[{"id":837153967133990900,"id_str":"837153967133990912","indices":[46,69],"media_url":"http://pbs.twimg.com/media/C54rGQFUoAAmkEx.jpg","media_url_https":"https://pbs.twimg.com/media/C54rGQFUoAAmkEx.jpg","url":"https://t.co/n3LW5VlHBt","display_url":"pic.twitter.com/n3LW5VlHBt","expanded_url":"https://twitter.com/ABCevilleSOUP/status/837154006262689792/photo/1","type":"photo","sizes":{"small":{"w":680,"h":680,"resize":"fit"},"medium":{"w":1024,"h":1024,"resize":"fit"},"large":{"w":1024,"h":1024,"resize":"fit"},"thumb":{"w":150,"h":150,"resize":"crop"}}}]},"metadata":{"iso_language_code":"en","result_type":"recent"},"source":"<a href=\"http://twitter.com/download/iphone\" rel=\"nofollow\">Twitter for iPhone</a>","in_reply_to_status_id":null,"in_reply_to_status_id_str":null,"in_reply_to_user_id":null,"in_reply_to_user_id_str":null,"in_reply_to_screen_name":null,"user":{"id":139218987,"id_str":"139218987","name":"🌹","screen_name":"ABCevilleSOUP","location":"","description":"Creative Type. Life Connoisseur. Chef Extraordinaire. Beauty Expert. Music Lover. Professional. Agriculture Farms™.","url":"https://t.co/n3mGedeMO0","entities":{"url":{"urls":[{"url":"https://t.co/n3mGedeMO0","expanded_url":"http://cfbagriculturefarms.wordpress.com","display_url":"cfbagriculturefarms.wordpress.com","indices":[0,23]}]},"description":{"urls":[]}},"protected":false,"followers_count":569,"friends_count":176,"listed_count":3,"created_at":"Sat May 01 23:16:22 +0000 2010","favourites_count":1003,"utc_offset":-32400,"time_zone":"Alaska","geo_enabled":true,"verified":false,"statuses_count":12338,"lang":"en","contributors_enabled":false,"is_translator":false,"is_translation_enabled":false,"profile_background_color":"171415","profile_background_image_url":"http://pbs.twimg.com/profile_background_images/522871866/sal.jpg","profile_background_image_url_https":"https://pbs.twimg.com/profile_background_images/522871866/sal.jpg","profile_background_tile":true,"profile_image_url":"http://pbs.twimg.com/profile_images/836343670072696832/Jfo_MgwU_normal.jpg","profile_image_url_https":"https://pbs.twimg.com/profile_images/836343670072696832/Jfo_MgwU_normal.jpg","profile_banner_url":"https://pbs.twimg.com/profile_banners/139218987/1488236207","profile_link_color":"F5ABB5","profile_sidebar_border_color":"2E2327","profile_sidebar_fill_color":"941B1B","profile_text_color":"333333","profile_use_background_image":true,"has_extended_profile":false,"default_profile":false,"default_profile_image":false,"following":false,"follow_request_sent":false,"notifications":false,"translator_type":"none"},"geo":null,"coordinates":null,"place":null,"contributors":null,"is_quote_status":false,"retweet_count":0,"favorite_count":0,"favorited":false,"retweeted":false,"possibly_sensitive":false,"lang":"en"},{"created_at":"Thu Mar 02 04:14:03 +0000 2017","id":837154006048845800,"id_str":"837154006048845824","text":"RT @dearevanlyrics: When you're falling in a forest and when you hit the ground all you need is for somebody to find you","truncated":false,"entities":{"hashtags":[],"symbols":[],"user_mentions":[{"screen_name":"dearevanlyrics","name":"evan hansen lyrics","id":828360547859050500,"id_str":"828360547859050496","indices":[3,18]}],"urls":[]},"metadata":{"iso_language_code":"en","result_type":"recent"},"source":"<a href=\"http://twitter.com/download/iphone\" rel=\"nofollow\">Twitter for iPhone</a>","in_reply_to_status_id":null,"in_reply_to_status_id_str":null,"in_reply_to_user_id":null,"in_reply_to_user_id_str":null,"in_reply_to_screen_name":null,"user":{"id":3430978396,"id_str":"3430978396","name":"Selena Renee Gill.","screen_name":"MsSelenaRenee","location":"JMU '19","description":"Do you suppose she's a wildflower? | Old soul. | Horror movie enthusiast.","url":null,"entities":{"description":{"urls":[]}},"protected":false,"followers_count":196,"friends_count":357,"listed_count":1,"created_at":"Wed Aug 19 03:42:19 +0000 2015","favourites_count":10576,"utc_offset":null,"time_zone":null,"geo_enabled":false,"verified":false,"statuses_count":6583,"lang":"en","contributors_enabled":false,"is_translator":false,"is_translation_enabled":false,"profile_background_color":"C0DEED","profile_background_image_url":"http://abs.twimg.com/images/themes/theme1/bg.png","profile_background_image_url_https":"https://abs.twimg.com/images/themes/theme1/bg.png","profile_background_tile":false,"profile_image_url":"http://pbs.twimg.com/profile_images/823330081284177920/Aia13VB9_normal.jpg","profile_image_url_https":"https://pbs.twimg.com/profile_images/823330081284177920/Aia13VB9_normal.jpg","profile_banner_url":"https://pbs.twimg.com/profile_banners/3430978396/1487646216","profile_link_color":"1DA1F2","profile_sidebar_border_color":"C0DEED","profile_sidebar_fill_color":"DDEEF6","profile_text_color":"333333","profile_use_background_image":true,"has_extended_profile":true,"default_profile":true,"default_profile_image":false,"following":false,"follow_request_sent":false,"notifications":false,"translator_type":"none"},"geo":null,"coordinates":null,"place":null,"contributors":null,"retweeted_status":{"created_at":"Thu Mar 02 04:00:39 +0000 2017","id":837150635321671700,"id_str":"837150635321671680","text":"When you're falling in a forest and when you hit the ground all you need is for somebody to find you","truncated":false,"entities":{"hashtags":[],"symbols":[],"user_mentions":[],"urls":[]},"metadata":{"iso_language_code":"en","result_type":"recent"},"source":"<a href=\"http://dearevanlyrics.com\" rel=\"nofollow\">dear evan hansen bot</a>","in_reply_to_status_id":null,"in_reply_to_status_id_str":null,"in_reply_to_user_id":null,"in_reply_to_user_id_str":null,"in_reply_to_screen_name":null,"user":{"id":828360547859050500,"id_str":"828360547859050496","name":"evan hansen lyrics","screen_name":"dearevanlyrics","location":"dm requests/corrections","description":"dear evan hansen lyrics bot // tweets every 30 minutes","url":null,"entities":{"description":{"urls":[]}},"protected":false,"followers_count":328,"friends_count":2,"listed_count":1,"created_at":"Sun Feb 05 21:51:59 +0000 2017","favourites_count":984,"utc_offset":-18000,"time_zone":"Eastern Time (US & Canada)","geo_enabled":false,"verified":false,"statuses_count":431,"lang":"en","contributors_enabled":false,"is_translator":false,"is_translation_enabled":false,"profile_background_color":"F5F8FA","profile_background_image_url":null,"profile_background_image_url_https":null,"profile_background_tile":false,"profile_image_url":"http://pbs.twimg.com/profile_images/828361686855905280/xI-0XQeB_normal.jpg","profile_image_url_https":"https://pbs.twimg.com/profile_images/828361686855905280/xI-0XQeB_normal.jpg","profile_banner_url":"https://pbs.twimg.com/profile_banners/828360547859050496/1486331822","profile_link_color":"1DA1F2","profile_sidebar_border_color":"C0DEED","profile_sidebar_fill_color":"DDEEF6","profile_text_color":"333333","profile_use_background_image":true,"has_extended_profile":false,"default_profile":true,"default_profile_image":false,"following":false,"follow_request_sent":false,"notifications":false,"translator_type":"none"},"geo":null,"coordinates":null,"place":null,"contributors":null,"is_quote_status":false,"retweet_count":4,"favorite_count":4,"favorited":false,"retweeted":false,"lang":"en"},"is_quote_status":false,"retweet_count":4,"favorite_count":0,"favorited":false,"retweeted":false,"lang":"en"},{"created_at":"Thu Mar 02 04:14:03 +0000 2017","id":837154004928970800,"id_str":"837154004928970752","text":"My Top 5 Followers: @connor979, @Nicole_Lynne666, @BitchezBrodie, @Iiukang, @Tformer23. Find Yours Free at https://t.co/2HJXJmG2gd","truncated":false,"entities":{"hashtags":[],"symbols":[],"user_mentions":[{"screen_name":"connor979","name":"Connor","id":865081873,"id_str":"865081873","indices":[20,30]},{"screen_name":"Nicole_Lynne666","name":"Stormcaller cole","id":2742393260,"id_str":"2742393260","indices":[32,48]},{"screen_name":"BitchezBrodie","name":"Super Chef","id":177255904,"id_str":"177255904","indices":[50,64]},{"screen_name":"Iiukang","name":"tony starks","id":836610116,"id_str":"836610116","indices":[66,74]},{"screen_name":"Tformer23","name":"Tformer23","id":2159766343,"id_str":"2159766343","indices":[76,86]}],"urls":[{"url":"https://t.co/2HJXJmG2gd","expanded_url":"http://Top5Followers.com","display_url":"Top5Followers.com","indices":[107,130]}]},"metadata":{"iso_language_code":"en","result_type":"recent"},"source":"<a href=\"https://www.top5followers.com\" rel=\"nofollow\">Top 5 Followers</a>","in_reply_to_status_id":null,"in_reply_to_status_id_str":null,"in_reply_to_user_id":null,"in_reply_to_user_id_str":null,"in_reply_to_screen_name":null,"user":{"id":2954591027,"id_str":"2954591027","name":"Whackoff95","screen_name":"Ikey_sama","location":"","description":"@Nicole_lynne666 get your rock, off my map. hey I love you butthead","url":null,"entities":{"description":{"urls":[]}},"protected":false,"followers_count":238,"friends_count":162,"listed_count":3,"created_at":"Thu Jan 01 10:33:38 +0000 2015","favourites_count":5142,"utc_offset":null,"time_zone":null,"geo_enabled":true,"verified":false,"statuses_count":14156,"lang":"en","contributors_enabled":false,"is_translator":false,"is_translation_enabled":false,"profile_background_color":"C0DEED","profile_background_image_url":"http://abs.twimg.com/images/themes/theme1/bg.png","profile_background_image_url_https":"https://abs.twimg.com/images/themes/theme1/bg.png","profile_background_tile":false,"profile_image_url":"http://pbs.twimg.com/profile_images/826284999510982656/psZ4sSN1_normal.jpg","profile_image_url_https":"https://pbs.twimg.com/profile_images/826284999510982656/psZ4sSN1_normal.jpg","profile_banner_url":"https://pbs.twimg.com/profile_banners/2954591027/1485046274","profile_link_color":"1DA1F2","profile_sidebar_border_color":"C0DEED","profile_sidebar_fill_color":"DDEEF6","profile_text_color":"333333","profile_use_background_image":true,"has_extended_profile":true,"default_profile":true,"default_profile_image":false,"following":false,"follow_request_sent":false,"notifications":false,"translator_type":"none"},"geo":null,"coordinates":null,"place":null,"contributors":null,"is_quote_status":false,"retweet_count":0,"favorite_count":0,"favorited":false,"retweeted":false,"possibly_sensitive":false,"lang":"en"},{"created_at":"Thu Mar 02 04:14:02 +0000 2017","id":837154004861755400,"id_str":"837154004861755392","text":"They burn huge piles of apple trees all around here to clear the way for more apple trees. Must find out how to get some.","truncated":false,"entities":{"hashtags":[],"symbols":[],"user_mentions":[],"urls":[]},"metadata":{"iso_language_code":"en","result_type":"recent"},"source":"<a href=\"http://tapbots.com/tweetbot\" rel=\"nofollow\">Tweetbot for iΟS</a>","in_reply_to_status_id":null,"in_reply_to_status_id_str":null,"in_reply_to_user_id":null,"in_reply_to_user_id_str":null,"in_reply_to_screen_name":null,"user":{"id":10230112,"id_str":"10230112","name":"David Frampton","screen_name":"majicDave","location":"Hawkes Bay, NZ","description":"I made The Blockheads, Chopper & Chopper 2. Currently working on a large new game for VR/PC named 'Ambience'.","url":"https://t.co/xrVL6uDuJO","entities":{"url":{"urls":[{"url":"https://t.co/xrVL6uDuJO","expanded_url":"http://majicjungle.com","display_url":"majicjungle.com","indices":[0,23]}]},"description":{"urls":[]}},"protected":false,"followers_count":5986,"friends_count":563,"listed_count":323,"created_at":"Tue Nov 13 22:54:20 +0000 2007","favourites_count":2237,"utc_offset":46800,"time_zone":"Wellington","geo_enabled":true,"verified":false,"statuses_count":37078,"lang":"en","contributors_enabled":false,"is_translator":false,"is_translation_enabled":false,"profile_background_color":"000000","profile_background_image_url":"http://pbs.twimg.com/profile_background_images/2412391/newBG2.jpg","profile_background_image_url_https":"https://pbs.twimg.com/profile_background_images/2412391/newBG2.jpg","profile_background_tile":true,"profile_image_url":"http://pbs.twimg.com/profile_images/668265196738113536/A3t7M4d__normal.jpg","profile_image_url_https":"https://pbs.twimg.com/profile_images/668265196738113536/A3t7M4d__normal.jpg","profile_link_color":"017301","profile_sidebar_border_color":"03530F","profile_sidebar_fill_color":"FFFFFF","profile_text_color":"000000","profile_use_background_image":true,"has_extended_profile":false,"default_profile":false,"default_profile_image":false,"following":false,"follow_request_sent":false,"notifications":false,"translator_type":"none"},"geo":null,"coordinates":null,"place":null,"contributors":null,"is_quote_status":false,"retweet_count":0,"favorite_count":0,"favorited":false,"retweeted":false,"lang":"en"},{"created_at":"Thu Mar 02 04:14:02 +0000 2017","id":837154003980968000,"id_str":"837154003980967937","text":"RT @_Cupcake_Teddy: If someone really wants to see u, they find a reason, they find a way, &amp; they make the effort. \n\n#ALDUB85thWeeksary htt…","truncated":false,"entities":{"hashtags":[{"text":"ALDUB85thWeeksary","indices":[121,139]}],"symbols":[],"user_mentions":[{"screen_name":"_Cupcake_Teddy","name":"TEDDY OBISPO_DTBY 👊","id":739463457116807200,"id_str":"739463457116807168","indices":[3,18]}],"urls":[]},"metadata":{"iso_language_code":"en","result_type":"recent"},"source":"<a href=\"http://twitter.com/#!/download/ipad\" rel=\"nofollow\">Twitter for iPad</a>","in_reply_to_status_id":null,"in_reply_to_status_id_str":null,"in_reply_to_user_id":null,"in_reply_to_user_id_str":null,"in_reply_to_screen_name":null,"user":{"id":833940053151735800,"id_str":"833940053151735808","name":"Marlyn Villa Santos","screen_name":"MarlynVillaSan1","location":"Tanay, Calabarzon","description":"An avid ALDUB fan and created this account pordalab.","url":null,"entities":{"description":{"urls":[]}},"protected":false,"followers_count":81,"friends_count":380,"listed_count":0,"created_at":"Tue Feb 21 07:22:57 +0000 2017","favourites_count":58,"utc_offset":null,"time_zone":null,"geo_enabled":false,"verified":false,"statuses_count":6838,"lang":"en","contributors_enabled":false,"is_translator":false,"is_translation_enabled":false,"profile_background_color":"F5F8FA","profile_background_image_url":null,"profile_background_image_url_https":null,"profile_background_tile":false,"profile_image_url":"http://pbs.twimg.com/profile_images/835081439150366720/-kbmEj8A_normal.jpg","profile_image_url_https":"https://pbs.twimg.com/profile_images/835081439150366720/-kbmEj8A_normal.jpg","profile_banner_url":"https://pbs.twimg.com/profile_banners/833940053151735808/1487933961","profile_link_color":"1DA1F2","profile_sidebar_border_color":"C0DEED","profile_sidebar_fill_color":"DDEEF6","profile_text_color":"333333","profile_use_background_image":true,"has_extended_profile":false,"default_profile":true,"default_profile_image":false,"following":false,"follow_request_sent":false,"notifications":false,"translator_type":"none"},"geo":null,"coordinates":null,"place":null,"contributors":null,"retweeted_status":{"created_at":"Thu Mar 02 02:03:16 +0000 2017","id":837121094142189600,"id_str":"837121094142189568","text":"If someone really wants to see u, they find a reason, they find a way, &amp; they make the effort. \n\n#ALDUB85thWeeksary https://t.co/FHfROJjb39","truncated":false,"entities":{"hashtags":[{"text":"ALDUB85thWeeksary","indices":[101,119]}],"symbols":[],"user_mentions":[],"urls":[],"media":[{"id":836829688618233900,"id_str":"836829688618233857","indices":[120,143],"media_url":"http://pbs.twimg.com/media/C50EKweXMAEPP8n.jpg","media_url_https":"https://pbs.twimg.com/media/C50EKweXMAEPP8n.jpg","url":"https://t.co/FHfROJjb39","display_url":"pic.twitter.com/FHfROJjb39","expanded_url":"https://twitter.com/MsSinagObispo/status/836829724496252930/photo/1","type":"photo","sizes":{"large":{"w":795,"h":795,"resize":"fit"},"medium":{"w":795,"h":795,"resize":"fit"},"thumb":{"w":150,"h":150,"resize":"crop"},"small":{"w":680,"h":680,"resize":"fit"}},"source_status_id":836829724496252900,"source_status_id_str":"836829724496252930","source_user_id":745957522314408000,"source_user_id_str":"745957522314407936"}]},"extended_entities":{"media":[{"id":836829688618233900,"id_str":"836829688618233857","indices":[120,143],"media_url":"http://pbs.twimg.com/media/C50EKweXMAEPP8n.jpg","media_url_https":"https://pbs.twimg.com/media/C50EKweXMAEPP8n.jpg","url":"https://t.co/FHfROJjb39","display_url":"pic.twitter.com/FHfROJjb39","expanded_url":"https://twitter.com/MsSinagObispo/status/836829724496252930/photo/1","type":"photo","sizes":{"large":{"w":795,"h":795,"resize":"fit"},"medium":{"w":795,"h":795,"resize":"fit"},"thumb":{"w":150,"h":150,"resize":"crop"},"small":{"w":680,"h":680,"resize":"fit"}},"source_status_id":836829724496252900,"source_status_id_str":"836829724496252930","source_user_id":745957522314408000,"source_user_id_str":"745957522314407936"}]},"metadata":{"iso_language_code":"en","result_type":"recent"},"source":"<a href=\"http://twitter.com/download/android\" rel=\"nofollow\">Twitter for Android</a>","in_reply_to_status_id":null,"in_reply_to_status_id_str":null,"in_reply_to_user_id":null,"in_reply_to_user_id_str":null,"in_reply_to_screen_name":null,"user":{"id":739463457116807200,"id_str":"739463457116807168","name":"TEDDY OBISPO_DTBY 👊","screen_name":"_Cupcake_Teddy","location":"","description":"Gardo \"Cupcake\" Versoza as Teddy Obispo ama ni Sinag @mainedcm .Mapagmahal at maalalahanin sa pamilya ❤❤❤","url":null,"entities":{"description":{"urls":[]}},"protected":false,"followers_count":2361,"friends_count":133,"listed_count":2,"created_at":"Sun Jun 05 14:26:41 +0000 2016","favourites_count":4634,"utc_offset":null,"time_zone":null,"geo_enabled":false,"verified":false,"statuses_count":16459,"lang":"en","contributors_enabled":false,"is_translator":false,"is_translation_enabled":false,"profile_background_color":"F5F8FA","profile_background_image_url":null,"profile_background_image_url_https":null,"profile_background_tile":false,"profile_image_url":"http://pbs.twimg.com/profile_images/834360567410225152/TIt6JPQI_normal.jpg","profile_image_url_https":"https://pbs.twimg.com/profile_images/834360567410225152/TIt6JPQI_normal.jpg","profile_banner_url":"https://pbs.twimg.com/profile_banners/739463457116807168/1486483815","profile_link_color":"1DA1F2","profile_sidebar_border_color":"C0DEED","profile_sidebar_fill_color":"DDEEF6","profile_text_color":"333333","profile_use_background_image":true,"has_extended_profile":true,"default_profile":true,"default_profile_image":false,"following":false,"follow_request_sent":false,"notifications":false,"translator_type":"none"},"geo":null,"coordinates":null,"place":null,"contributors":null,"is_quote_status":false,"retweet_count":50,"favorite_count":6,"favorited":false,"retweeted":false,"possibly_sensitive":false,"lang":"en"},"is_quote_status":false,"retweet_count":50,"favorite_count":0,"favorited":false,"retweeted":false,"lang":"en"},{"created_at":"Thu Mar 02 04:14:02 +0000 2017","id":837154002911510500,"id_str":"837154002911510528","text":"Anyone know how to find out when this is going to open up? https://t.co/tgdhdpGMwI [https://t.co/vyjhALipIJ]","truncated":false,"entities":{"hashtags":[],"symbols":[],"user_mentions":[],"urls":[{"url":"https://t.co/tgdhdpGMwI","expanded_url":"http://bit.ly/2leWSnD","display_url":"bit.ly/2leWSnD","indices":[59,82]},{"url":"https://t.co/vyjhALipIJ","expanded_url":"http://bit.ly/2lVUXmg","display_url":"bit.ly/2lVUXmg","indices":[84,107]}]},"metadata":{"iso_language_code":"en","result_type":"recent"},"source":"<a href=\"http://reddit.com/r/houston\" rel=\"nofollow\">Houston Reddit</a>","in_reply_to_status_id":null,"in_reply_to_status_id_str":null,"in_reply_to_user_id":null,"in_reply_to_user_id_str":null,"in_reply_to_screen_name":null,"user":{"id":1206102648,"id_str":"1206102648","name":"/r/Houston Subreddit","screen_name":"HoustonReddit","location":"Houston, TX","description":"The /r/Houston subreddit on the twitters! Find us at http://t.co/v2a2BBS848. Mostly automated messages, but maybe we actually are human after all!","url":"http://t.co/87wjXxVIEO","entities":{"url":{"urls":[{"url":"http://t.co/87wjXxVIEO","expanded_url":"http://reddit.com/r/houston/","display_url":"reddit.com/r/houston/","indices":[0,22]}]},"description":{"urls":[{"url":"http://t.co/v2a2BBS848","expanded_url":"http://reddit.com/r/houston","display_url":"reddit.com/r/houston","indices":[53,75]}]}},"protected":false,"followers_count":2249,"friends_count":1508,"listed_count":77,"created_at":"Thu Feb 21 22:01:50 +0000 2013","favourites_count":1,"utc_offset":-21600,"time_zone":"Central Time (US & Canada)","geo_enabled":false,"verified":false,"statuses_count":25810,"lang":"en","contributors_enabled":false,"is_translator":false,"is_translation_enabled":false,"profile_background_color":"FAFAFA","profile_background_image_url":"http://abs.twimg.com/images/themes/theme13/bg.gif","profile_background_image_url_https":"https://abs.twimg.com/images/themes/theme13/bg.gif","profile_background_tile":false,"profile_image_url":"http://pbs.twimg.com/profile_images/465248239516528640/LawGwrjV_normal.png","profile_image_url_https":"https://pbs.twimg.com/profile_images/465248239516528640/LawGwrjV_normal.png","profile_banner_url":"https://pbs.twimg.com/profile_banners/1206102648/1408557519","profile_link_color":"0E71B8","profile_sidebar_border_color":"FFFFFF","profile_sidebar_fill_color":"DDEEF6","profile_text_color":"333333","profile_use_background_image":false,"has_extended_profile":false,"default_profile":false,"default_profile_image":false,"following":false,"follow_request_sent":false,"notifications":false,"translator_type":"none"},"geo":null,"coordinates":null,"place":null,"contributors":null,"is_quote_status":false,"retweet_count":0,"favorite_count":0,"favorited":false,"retweeted":false,"possibly_sensitive":false,"lang":"en"},{"created_at":"Thu Mar 02 04:14:02 +0000 2017","id":837154002626314200,"id_str":"837154002626314240","text":"RT @AbMS19: Or just find someone who's interested in you and won't stress you? https://t.co/UkRjnKTuqY","truncated":false,"entities":{"hashtags":[],"symbols":[],"user_mentions":[{"screen_name":"AbMS19","name":"A. Sulaiti","id":245696966,"id_str":"245696966","indices":[3,10]}],"urls":[],"media":[{"id":836964624092233700,"id_str":"836964624092233728","indices":[79,102],"media_url":"http://pbs.twimg.com/media/C51-5CSWAAATIT4.jpg","media_url_https":"https://pbs.twimg.com/media/C51-5CSWAAATIT4.jpg","url":"https://t.co/UkRjnKTuqY","display_url":"pic.twitter.com/UkRjnKTuqY","expanded_url":"https://twitter.com/AbMS19/status/836964631033835520/photo/1","type":"photo","sizes":{"medium":{"w":164,"h":355,"resize":"fit"},"thumb":{"w":150,"h":150,"resize":"crop"},"small":{"w":164,"h":355,"resize":"fit"},"large":{"w":164,"h":355,"resize":"fit"}},"source_status_id":836964631033835500,"source_status_id_str":"836964631033835520","source_user_id":245696966,"source_user_id_str":"245696966"}]},"extended_entities":{"media":[{"id":836964624092233700,"id_str":"836964624092233728","indices":[79,102],"media_url":"http://pbs.twimg.com/media/C51-5CSWAAATIT4.jpg","media_url_https":"https://pbs.twimg.com/media/C51-5CSWAAATIT4.jpg","url":"https://t.co/UkRjnKTuqY","display_url":"pic.twitter.com/UkRjnKTuqY","expanded_url":"https://twitter.com/AbMS19/status/836964631033835520/photo/1","type":"photo","sizes":{"medium":{"w":164,"h":355,"resize":"fit"},"thumb":{"w":150,"h":150,"resize":"crop"},"small":{"w":164,"h":355,"resize":"fit"},"large":{"w":164,"h":355,"resize":"fit"}},"source_status_id":836964631033835500,"source_status_id_str":"836964631033835520","source_user_id":245696966,"source_user_id_str":"245696966"}]},"metadata":{"iso_language_code":"en","result_type":"recent"},"source":"<a href=\"http://twitter.com/download/iphone\" rel=\"nofollow\">Twitter for iPhone</a>","in_reply_to_status_id":null,"in_reply_to_status_id_str":null,"in_reply_to_user_id":null,"in_reply_to_user_id_str":null,"in_reply_to_screen_name":null,"user":{"id":803744842706812900,"id_str":"803744842706812928","name":"Я : 🌠","screen_name":"pacificrem1","location":"castle in the sky","description":"","url":"https://t.co/KYcF71Q7DP","entities":{"url":{"urls":[{"url":"https://t.co/KYcF71Q7DP","expanded_url":"https://curiouscat.me/pacificrem__","display_url":"curiouscat.me/pacificrem__","indices":[0,23]}]},"description":{"urls":[]}},"protected":false,"followers_count":125,"friends_count":357,"listed_count":4,"created_at":"Tue Nov 29 23:37:58 +0000 2016","favourites_count":719,"utc_offset":-28800,"time_zone":"Pacific Time (US & Canada)","geo_enabled":true,"verified":false,"statuses_count":243,"lang":"en","contributors_enabled":false,"is_translator":false,"is_translation_enabled":false,"profile_background_color":"F5F8FA","profile_background_image_url":null,"profile_background_image_url_https":null,"profile_background_tile":false,"profile_image_url":"http://pbs.twimg.com/profile_images/836646934324596736/nKiMTyt-_normal.jpg","profile_image_url_https":"https://pbs.twimg.com/profile_images/836646934324596736/nKiMTyt-_normal.jpg","profile_banner_url":"https://pbs.twimg.com/profile_banners/803744842706812928/1488306339","profile_link_color":"1DA1F2","profile_sidebar_border_color":"C0DEED","profile_sidebar_fill_color":"DDEEF6","profile_text_color":"333333","profile_use_background_image":true,"has_extended_profile":false,"default_profile":true,"default_profile_image":false,"following":false,"follow_request_sent":false,"notifications":false,"translator_type":"none"},"geo":null,"coordinates":null,"place":null,"contributors":null,"retweeted_status":{"created_at":"Wed Mar 01 15:41:32 +0000 2017","id":836964631033835500,"id_str":"836964631033835520","text":"Or just find someone who's interested in you and won't stress you? https://t.co/UkRjnKTuqY","truncated":false,"entities":{"hashtags":[],"symbols":[],"user_mentions":[],"urls":[],"media":[{"id":836964624092233700,"id_str":"836964624092233728","indices":[67,90],"media_url":"http://pbs.twimg.com/media/C51-5CSWAAATIT4.jpg","media_url_https":"https://pbs.twimg.com/media/C51-5CSWAAATIT4.jpg","url":"https://t.co/UkRjnKTuqY","display_url":"pic.twitter.com/UkRjnKTuqY","expanded_url":"https://twitter.com/AbMS19/status/836964631033835520/photo/1","type":"photo","sizes":{"medium":{"w":164,"h":355,"resize":"fit"},"thumb":{"w":150,"h":150,"resize":"crop"},"small":{"w":164,"h":355,"resize":"fit"},"large":{"w":164,"h":355,"resize":"fit"}}}]},"extended_entities":{"media":[{"id":836964624092233700,"id_str":"836964624092233728","indices":[67,90],"media_url":"http://pbs.twimg.com/media/C51-5CSWAAATIT4.jpg","media_url_https":"https://pbs.twimg.com/media/C51-5CSWAAATIT4.jpg","url":"https://t.co/UkRjnKTuqY","display_url":"pic.twitter.com/UkRjnKTuqY","expanded_url":"https://twitter.com/AbMS19/status/836964631033835520/photo/1","type":"photo","sizes":{"medium":{"w":164,"h":355,"resize":"fit"},"thumb":{"w":150,"h":150,"resize":"crop"},"small":{"w":164,"h":355,"resize":"fit"},"large":{"w":164,"h":355,"resize":"fit"}}}]},"metadata":{"iso_language_code":"en","result_type":"recent"},"source":"<a href=\"http://twitter.com/download/iphone\" rel=\"nofollow\">Twitter for iPhone</a>","in_reply_to_status_id":null,"in_reply_to_status_id_str":null,"in_reply_to_user_id":null,"in_reply_to_user_id_str":null,"in_reply_to_screen_name":null,"user":{"id":245696966,"id_str":"245696966","name":"A. Sulaiti","screen_name":"AbMS19","location":"Abu Dhabi/Qatar","description":"Geography and Urban Planning from Sorbonne & Sports Management CIES FIFA. Also #MUFC & music.","url":null,"entities":{"description":{"urls":[]}},"protected":false,"followers_count":2719,"friends_count":643,"listed_count":36,"created_at":"Tue Feb 01 08:10:41 +0000 2011","favourites_count":7329,"utc_offset":10800,"time_zone":"Riyadh","geo_enabled":false,"verified":false,"statuses_count":99029,"lang":"en","contributors_enabled":false,"is_translator":false,"is_translation_enabled":false,"profile_background_color":"131516","profile_background_image_url":"http://abs.twimg.com/images/themes/theme14/bg.gif","profile_background_image_url_https":"https://abs.twimg.com/images/themes/theme14/bg.gif","profile_background_tile":true,"profile_image_url":"http://pbs.twimg.com/profile_images/830073578309767169/WcJNiD0q_normal.jpg","profile_image_url_https":"https://pbs.twimg.com/profile_images/830073578309767169/WcJNiD0q_normal.jpg","profile_banner_url":"https://pbs.twimg.com/profile_banners/245696966/1473103200","profile_link_color":"009999","profile_sidebar_border_color":"EEEEEE","profile_sidebar_fill_color":"EFEFEF","profile_text_color":"333333","profile_use_background_image":true,"has_extended_profile":true,"default_profile":false,"default_profile_image":false,"following":false,"follow_request_sent":false,"notifications":false,"translator_type":"none"},"geo":null,"coordinates":null,"place":null,"contributors":null,"is_quote_status":false,"retweet_count":23,"favorite_count":12,"favorited":false,"retweeted":false,"possibly_sensitive":false,"lang":"en"},"is_quote_status":false,"retweet_count":23,"favorite_count":0,"favorited":false,"retweeted":false,"possibly_sensitive":false,"lang":"en"},{"created_at":"Thu Mar 02 04:14:02 +0000 2017","id":837154002269794300,"id_str":"837154002269794304","text":"RT @hallmason123: It had me turning the pages eagerly to find out what happened next.' UK review  https://t.co/mDnBnH8KVk #psychological #t…","truncated":false,"entities":{"hashtags":[{"text":"psychological","indices":[122,136]}],"symbols":[],"user_mentions":[{"screen_name":"hallmason123","name":"hall mason","id":2219976980,"id_str":"2219976980","indices":[3,16]}],"urls":[{"url":"https://t.co/mDnBnH8KVk","expanded_url":"http://getbook.at/TLATCarlacover","display_url":"getbook.at/TLATCarlacover","indices":[98,121]}]},"metadata":{"iso_language_code":"en","result_type":"recent"},"source":"<a href=\"http://readersgazette.com/\" rel=\"nofollow\">rgbookworldbot</a>","in_reply_to_status_id":null,"in_reply_to_status_id_str":null,"in_reply_to_user_id":null,"in_reply_to_user_id_str":null,"in_reply_to_screen_name":null,"user":{"id":3072312415,"id_str":"3072312415","name":"RGBookWorld","screen_name":"RGBookWorld","location":"","description":"Helping Readers to Find  #FreeBooks and #Bargainbooks.  Associated to ReadersGazette #books #games #booknews #blogs #bookbargains","url":"http://t.co/JGOWaqrnok","entities":{"url":{"urls":[{"url":"http://t.co/JGOWaqrnok","expanded_url":"http://ReadersGazette.Com","display_url":"ReadersGazette.Com","indices":[0,22]}]},"description":{"urls":[]}},"protected":false,"followers_count":39679,"friends_count":37975,"listed_count":5851,"created_at":"Wed Mar 11 03:08:40 +0000 2015","favourites_count":19775,"utc_offset":-28800,"time_zone":"Pacific Time (US & Canada)","geo_enabled":false,"verified":false,"statuses_count":692047,"lang":"en","contributors_enabled":false,"is_translator":false,"is_translation_enabled":false,"profile_background_color":"C0DEED","profile_background_image_url":"http://abs.twimg.com/images/themes/theme1/bg.png","profile_background_image_url_https":"https://abs.twimg.com/images/themes/theme1/bg.png","profile_background_tile":false,"profile_image_url":"http://pbs.twimg.com/profile_images/575497160923291649/wdMaadhY_normal.png","profile_image_url_https":"https://pbs.twimg.com/profile_images/575497160923291649/wdMaadhY_normal.png","profile_banner_url":"https://pbs.twimg.com/profile_banners/3072312415/1473411241","profile_link_color":"1DA1F2","profile_sidebar_border_color":"C0DEED","profile_sidebar_fill_color":"DDEEF6","profile_text_color":"333333","profile_use_background_image":true,"has_extended_profile":true,"default_profile":true,"default_profile_image":false,"following":false,"follow_request_sent":false,"notifications":false,"translator_type":"none"},"geo":null,"coordinates":null,"place":null,"contributors":null,"retweeted_status":{"created_at":"Thu Mar 02 04:07:33 +0000 2017","id":837152371012698100,"id_str":"837152371012698113","text":"It had me turning the pages eagerly to find out what happened next.' UK review  https://t.co/mDnBnH8KVk #psychological #thriller #IAN1","truncated":false,"entities":{"hashtags":[{"text":"psychological","indices":[104,118]},{"text":"thriller","indices":[119,128]},{"text":"IAN1","indices":[129,134]}],"symbols":[],"user_mentions":[],"urls":[{"url":"https://t.co/mDnBnH8KVk","expanded_url":"http://getbook.at/TLATCarlacover","display_url":"getbook.at/TLATCarlacover","indices":[80,103]}]},"metadata":{"iso_language_code":"en","result_type":"recent"},"source":"<a href=\"http://pluggio.com\" rel=\"nofollow\">Pluggio</a>","in_reply_to_status_id":null,"in_reply_to_status_id_str":null,"in_reply_to_user_id":null,"in_reply_to_user_id_str":null,"in_reply_to_screen_name":null,"user":{"id":2219976980,"id_str":"2219976980","name":"hall mason","screen_name":"hallmason123","location":"London","description":"Dark fiction fan","url":null,"entities":{"description":{"urls":[]}},"protected":false,"followers_count":5095,"friends_count":5605,"listed_count":116,"created_at":"Thu Nov 28 16:01:33 +0000 2013","favourites_count":1,"utc_offset":0,"time_zone":"London","geo_enabled":false,"verified":false,"statuses_count":48011,"lang":"en","contributors_enabled":false,"is_translator":false,"is_translation_enabled":false,"profile_background_color":"C0DEED","profile_background_image_url":"http://abs.twimg.com/images/themes/theme1/bg.png","profile_background_image_url_https":"https://abs.twimg.com/images/themes/theme1/bg.png","profile_background_tile":false,"profile_image_url":"http://pbs.twimg.com/profile_images/496292534373449728/xohIW5tq_normal.jpeg","profile_image_url_https":"https://pbs.twimg.com/profile_images/496292534373449728/xohIW5tq_normal.jpeg","profile_banner_url":"https://pbs.twimg.com/profile_banners/2219976980/1407160461","profile_link_color":"1DA1F2","profile_sidebar_border_color":"C0DEED","profile_sidebar_fill_color":"DDEEF6","profile_text_color":"333333","profile_use_background_image":true,"has_extended_profile":false,"default_profile":true,"default_profile_image":false,"following":false,"follow_request_sent":false,"notifications":false,"translator_type":"none"},"geo":null,"coordinates":null,"place":null,"contributors":null,"is_quote_status":false,"retweet_count":1,"favorite_count":0,"favorited":false,"retweeted":false,"possibly_sensitive":false,"lang":"en"},"is_quote_status":false,"retweet_count":1,"favorite_count":0,"favorited":false,"retweeted":false,"possibly_sensitive":false,"lang":"en"},{"created_at":"Thu Mar 02 04:14:02 +0000 2017","id":837154002202685400,"id_str":"837154002202685440","text":"RT @RealPostMaIone: find the positive in the negative","truncated":false,"entities":{"hashtags":[],"symbols":[],"user_mentions":[{"screen_name":"RealPostMaIone","name":"Post Malone","id":1918891800,"id_str":"1918891800","indices":[3,18]}],"urls":[]},"metadata":{"iso_language_code":"en","result_type":"recent"},"source":"<a href=\"http://twitter.com/download/iphone\" rel=\"nofollow\">Twitter for iPhone</a>","in_reply_to_status_id":null,"in_reply_to_status_id_str":null,"in_reply_to_user_id":null,"in_reply_to_user_id_str":null,"in_reply_to_screen_name":null,"user":{"id":2912954912,"id_str":"2912954912","name":"Victor Salas","screen_name":"xxpxpixx","location":"Hillsboro, TX","description":"Tx. fucc a bitch that dont like me","url":null,"entities":{"description":{"urls":[]}},"protected":false,"followers_count":39,"friends_count":159,"listed_count":0,"created_at":"Fri Nov 28 17:05:59 +0000 2014","favourites_count":230,"utc_offset":null,"time_zone":null,"geo_enabled":false,"verified":false,"statuses_count":192,"lang":"en","contributors_enabled":false,"is_translator":false,"is_translation_enabled":false,"profile_background_color":"C0DEED","profile_background_image_url":"http://abs.twimg.com/images/themes/theme1/bg.png","profile_background_image_url_https":"https://abs.twimg.com/images/themes/theme1/bg.png","profile_background_tile":false,"profile_image_url":"http://pbs.twimg.com/profile_images/819021638528364544/1ELxdVRo_normal.jpg","profile_image_url_https":"https://pbs.twimg.com/profile_images/819021638528364544/1ELxdVRo_normal.jpg","profile_banner_url":"https://pbs.twimg.com/profile_banners/2912954912/1484258215","profile_link_color":"1DA1F2","profile_sidebar_border_color":"C0DEED","profile_sidebar_fill_color":"DDEEF6","profile_text_color":"333333","profile_use_background_image":true,"has_extended_profile":false,"default_profile":true,"default_profile_image":false,"following":false,"follow_request_sent":false,"notifications":false,"translator_type":"none"},"geo":null,"coordinates":null,"place":null,"contributors":null,"retweeted_status":{"created_at":"Tue Feb 28 16:18:05 +0000 2017","id":836611442019299300,"id_str":"836611442019299330","text":"find the positive in the negative","truncated":false,"entities":{"hashtags":[],"symbols":[],"user_mentions":[],"urls":[]},"metadata":{"iso_language_code":"en","result_type":"recent"},"source":"<a href=\"http://twitter.com/download/iphone\" rel=\"nofollow\">Twitter for iPhone</a>","in_reply_to_status_id":null,"in_reply_to_status_id_str":null,"in_reply_to_user_id":null,"in_reply_to_user_id_str":null,"in_reply_to_screen_name":null,"user":{"id":1918891800,"id_str":"1918891800","name":"Post Malone","screen_name":"RealPostMaIone","location":"Syracuse, NY","description":"I started balling when I was young | Stoney |*Parody Account*","url":null,"entities":{"description":{"urls":[]}},"protected":false,"followers_count":43935,"friends_count":1,"listed_count":74,"created_at":"Mon Sep 30 04:27:04 +0000 2013","favourites_count":9048,"utc_offset":-18000,"time_zone":"Eastern Time (US & Canada)","geo_enabled":false,"verified":false,"statuses_count":4146,"lang":"en","contributors_enabled":false,"is_translator":false,"is_translation_enabled":false,"profile_background_color":"000000","profile_background_image_url":"http://abs.twimg.com/images/themes/theme1/bg.png","profile_background_image_url_https":"https://abs.twimg.com/images/themes/theme1/bg.png","profile_background_tile":false,"profile_image_url":"http://pbs.twimg.com/profile_images/833723877729640449/N8K5iYDd_normal.jpg","profile_image_url_https":"https://pbs.twimg.com/profile_images/833723877729640449/N8K5iYDd_normal.jpg","profile_banner_url":"https://pbs.twimg.com/profile_banners/1918891800/1487609409","profile_link_color":"000000","profile_sidebar_border_color":"000000","profile_sidebar_fill_color":"000000","profile_text_color":"000000","profile_use_background_image":false,"has_extended_profile":false,"default_profile":false,"default_profile_image":false,"following":false,"follow_request_sent":false,"notifications":false,"translator_type":"none"},"geo":null,"coordinates":null,"place":null,"contributors":null,"is_quote_status":false,"retweet_count":2166,"favorite_count":2120,"favorited":false,"retweeted":false,"lang":"en"},"is_quote_status":false,"retweet_count":2166,"favorite_count":0,"favorited":false,"retweeted":false,"lang":"en"},{"created_at":"Thu Mar 02 04:14:01 +0000 2017","id":837154000193609700,"id_str":"837154000193609732","text":"RT @iHeartRadio: 9 nominations for @rihanna at Sunday's #iHeartAwards, but how many will she win? Find out on @TBSNetwork at 8PM ET / 5PM P…","truncated":false,"entities":{"hashtags":[{"text":"iHeartAwards","indices":[56,69]}],"symbols":[],"user_mentions":[{"screen_name":"iHeartRadio","name":"iHeartRadio","id":46116615,"id_str":"46116615","indices":[3,15]},{"screen_name":"rihanna","name":"Rihanna","id":79293791,"id_str":"79293791","indices":[35,43]},{"screen_name":"TBSNetwork","name":"TBS Network","id":15981547,"id_str":"15981547","indices":[110,121]}],"urls":[]},"metadata":{"iso_language_code":"en","result_type":"recent"},"source":"<a href=\"http://twitter.com/download/iphone\" rel=\"nofollow\">Twitter for iPhone</a>","in_reply_to_status_id":null,"in_reply_to_status_id_str":null,"in_reply_to_user_id":null,"in_reply_to_user_id_str":null,"in_reply_to_screen_name":null,"user":{"id":497202074,"id_str":"497202074","name":"Pour IT Up","screen_name":"BeeRulsTheWorld","location":"Italia","description":"#RIHANNANAVY Queen @rihanna estending her own empire in fashion,cinema and music. • Istagram: albe_198","url":"https://t.co/358ayVgf7R","entities":{"url":{"urls":[{"url":"https://t.co/358ayVgf7R","expanded_url":"http://my-good-dark-twisted-fantasy.tumblr.com/","display_url":"…-good-dark-twisted-fantasy.tumblr.com","indices":[0,23]}]},"description":{"urls":[]}},"protected":false,"followers_count":1778,"friends_count":1258,"listed_count":28,"created_at":"Sun Feb 19 18:43:30 +0000 2012","favourites_count":44173,"utc_offset":7200,"time_zone":"Athens","geo_enabled":true,"verified":false,"statuses_count":46043,"lang":"it","contributors_enabled":false,"is_translator":false,"is_translation_enabled":true,"profile_background_color":"131516","profile_background_image_url":"http://pbs.twimg.com/profile_background_images/624621383407022080/_tGb628T.jpg","profile_background_image_url_https":"https://pbs.twimg.com/profile_background_images/624621383407022080/_tGb628T.jpg","profile_background_tile":true,"profile_image_url":"http://pbs.twimg.com/profile_images/834144254335283202/jA5cAdgv_normal.jpg","profile_image_url_https":"https://pbs.twimg.com/profile_images/834144254335283202/jA5cAdgv_normal.jpg","profile_banner_url":"https://pbs.twimg.com/profile_banners/497202074/1487786788","profile_link_color":"FF691F","profile_sidebar_border_color":"EEEEEE","profile_sidebar_fill_color":"EFEFEF","profile_text_color":"333333","profile_use_background_image":true,"has_extended_profile":true,"default_profile":false,"default_profile_image":false,"following":false,"follow_request_sent":false,"notifications":false,"translator_type":"none"},"geo":null,"coordinates":null,"place":null,"contributors":null,"retweeted_status":{"created_at":"Wed Mar 01 23:16:54 +0000 2017","id":837079228315283500,"id_str":"837079228315283457","text":"9 nominations for @rihanna at Sunday's #iHeartAwards, but how many will she win? Find out on @TBSNetwork at 8PM ET… https://t.co/bSlF0DyIF0","truncated":true,"entities":{"hashtags":[{"text":"iHeartAwards","indices":[39,52]}],"symbols":[],"user_mentions":[{"screen_name":"rihanna","name":"Rihanna","id":79293791,"id_str":"79293791","indices":[18,26]},{"screen_name":"TBSNetwork","name":"TBS Network","id":15981547,"id_str":"15981547","indices":[93,104]}],"urls":[{"url":"https://t.co/bSlF0DyIF0","expanded_url":"https://twitter.com/i/web/status/837079228315283457","display_url":"twitter.com/i/web/status/8…","indices":[116,139]}]},"metadata":{"iso_language_code":"en","result_type":"recent"},"source":"<a href=\"http://twitter.com\" rel=\"nofollow\">Twitter Web Client</a>","in_reply_to_status_id":null,"in_reply_to_status_id_str":null,"in_reply_to_user_id":null,"in_reply_to_user_id_str":null,"in_reply_to_screen_name":null,"user":{"id":46116615,"id_str":"46116615","name":"iHeartRadio","screen_name":"iHeartRadio","location":"United States","description":"All your favorite music. All your favorite stations. All free.","url":"https://t.co/id6i82tLiU","entities":{"url":{"urls":[{"url":"https://t.co/id6i82tLiU","expanded_url":"http://iheartradio.com","display_url":"iheartradio.com","indices":[0,23]}]},"description":{"urls":[]}},"protected":false,"followers_count":1038251,"friends_count":77382,"listed_count":4494,"created_at":"Wed Jun 10 13:56:14 +0000 2009","favourites_count":18130,"utc_offset":-18000,"time_zone":"Eastern Time (US & Canada)","geo_enabled":true,"verified":true,"statuses_count":76062,"lang":"en","contributors_enabled":false,"is_translator":false,"is_translation_enabled":false,"profile_background_color":"000000","profile_background_image_url":"http://pbs.twimg.com/profile_background_images/700811174888116224/IcXn9vcX.jpg","profile_background_image_url_https":"https://pbs.twimg.com/profile_background_images/700811174888116224/IcXn9vcX.jpg","profile_background_tile":true,"profile_image_url":"http://pbs.twimg.com/profile_images/831371206162911232/ba3tGPF4_normal.jpg","profile_image_url_https":"https://pbs.twimg.com/profile_images/831371206162911232/ba3tGPF4_normal.jpg","profile_banner_url":"https://pbs.twimg.com/profile_banners/46116615/1487947216","profile_link_color":"000000","profile_sidebar_border_color":"000000","profile_sidebar_fill_color":"2E2E2E","profile_text_color":"787878","profile_use_background_image":true,"has_extended_profile":false,"default_profile":false,"default_profile_image":false,"following":false,"follow_request_sent":false,"notifications":false,"translator_type":"regular"},"geo":null,"coordinates":null,"place":null,"contributors":null,"is_quote_status":false,"retweet_count":185,"favorite_count":322,"favorited":false,"retweeted":false,"possibly_sensitive":false,"lang":"en"},"is_quote_status":false,"retweet_count":185,"favorite_count":0,"favorited":false,"retweeted":false,"lang":"en"},{"created_at":"Thu Mar 02 04:14:01 +0000 2017","id":837154000025829400,"id_str":"837154000025829377","text":"Where does a girl find a woke bae like @hasanthehun? 🤔😂","truncated":false,"entities":{"hashtags":[],"symbols":[],"user_mentions":[{"screen_name":"hasanthehun","name":"Hank Parker","id":326756275,"id_str":"326756275","indices":[39,51]}],"urls":[]},"metadata":{"iso_language_code":"en","result_type":"recent"},"source":"<a href=\"http://twitter.com/download/iphone\" rel=\"nofollow\">Twitter for iPhone</a>","in_reply_to_status_id":null,"in_reply_to_status_id_str":null,"in_reply_to_user_id":null,"in_reply_to_user_id_str":null,"in_reply_to_screen_name":null,"user":{"id":317377372,"id_str":"317377372","name":"Danielle","screen_name":"Danielle_Joy1","location":"","description":"","url":null,"entities":{"description":{"urls":[]}},"protected":false,"followers_count":2294,"friends_count":1830,"listed_count":7,"created_at":"Tue Jun 14 21:03:34 +0000 2011","favourites_count":7703,"utc_offset":-18000,"time_zone":"Eastern Time (US & Canada)","geo_enabled":true,"verified":false,"statuses_count":30019,"lang":"en","contributors_enabled":false,"is_translator":false,"is_translation_enabled":false,"profile_background_color":"ABB8C2","profile_background_image_url":"http://pbs.twimg.com/profile_background_images/525924674119548928/-Xuf4S7J.jpeg","profile_background_image_url_https":"https://pbs.twimg.com/profile_background_images/525924674119548928/-Xuf4S7J.jpeg","profile_background_tile":true,"profile_image_url":"http://pbs.twimg.com/profile_images/801539104886427648/tPBY9_sL_normal.jpg","profile_image_url_https":"https://pbs.twimg.com/profile_images/801539104886427648/tPBY9_sL_normal.jpg","profile_banner_url":"https://pbs.twimg.com/profile_banners/317377372/1479891707","profile_link_color":"FA743E","profile_sidebar_border_color":"000000","profile_sidebar_fill_color":"484848","profile_text_color":"D8C0A8","profile_use_background_image":true,"has_extended_profile":true,"default_profile":false,"default_profile_image":false,"following":false,"follow_request_sent":false,"notifications":false,"translator_type":"none"},"geo":null,"coordinates":null,"place":null,"contributors":null,"is_quote_status":false,"retweet_count":0,"favorite_count":0,"favorited":false,"retweeted":false,"lang":"en"},{"created_at":"Thu Mar 02 04:14:01 +0000 2017","id":837153999992172500,"id_str":"837153999992172544","text":"RT @Positivevibe101: Positivity can help you:\nHeal yourself.\nFind yourself.\nKnow yourself.\nCorrect yourself.\nLove yourself.\nBe yourself.","truncated":false,"entities":{"hashtags":[],"symbols":[],"user_mentions":[{"screen_name":"Positivevibe101","name":"Positive Vibes","id":834370320,"id_str":"834370320","indices":[3,19]}],"urls":[]},"metadata":{"iso_language_code":"en","result_type":"recent"},"source":"<a href=\"http://twitter.com/download/iphone\" rel=\"nofollow\">Twitter for iPhone</a>","in_reply_to_status_id":null,"in_reply_to_status_id_str":null,"in_reply_to_user_id":null,"in_reply_to_user_id_str":null,"in_reply_to_screen_name":null,"user":{"id":3199098845,"id_str":"3199098845","name":"Brianna Altenburger","screen_name":"briannac44","location":"Delphos, OH","description":"@llcooljay2020 | dsj","url":null,"entities":{"description":{"urls":[]}},"protected":false,"followers_count":278,"friends_count":169,"listed_count":1,"created_at":"Thu Apr 23 20:51:01 +0000 2015","favourites_count":10337,"utc_offset":null,"time_zone":null,"geo_enabled":true,"verified":false,"statuses_count":1259,"lang":"en","contributors_enabled":false,"is_translator":false,"is_translation_enabled":false,"profile_background_color":"C0DEED","profile_background_image_url":"http://abs.twimg.com/images/themes/theme1/bg.png","profile_background_image_url_https":"https://abs.twimg.com/images/themes/theme1/bg.png","profile_background_tile":false,"profile_image_url":"http://pbs.twimg.com/profile_images/834377029537652737/Z3NfyL7t_normal.jpg","profile_image_url_https":"https://pbs.twimg.com/profile_images/834377029537652737/Z3NfyL7t_normal.jpg","profile_banner_url":"https://pbs.twimg.com/profile_banners/3199098845/1487765962","profile_link_color":"1DA1F2","profile_sidebar_border_color":"C0DEED","profile_sidebar_fill_color":"DDEEF6","profile_text_color":"333333","profile_use_background_image":true,"has_extended_profile":true,"default_profile":true,"default_profile_image":false,"following":false,"follow_request_sent":false,"notifications":false,"translator_type":"none"},"geo":null,"coordinates":null,"place":null,"contributors":null,"retweeted_status":{"created_at":"Fri Feb 17 01:50:05 +0000 2017","id":832406735440736300,"id_str":"832406735440736257","text":"Positivity can help you:\nHeal yourself.\nFind yourself.\nKnow yourself.\nCorrect yourself.\nLove yourself.\nBe yourself.","truncated":false,"entities":{"hashtags":[],"symbols":[],"user_mentions":[],"urls":[]},"metadata":{"iso_language_code":"en","result_type":"recent"},"source":"<a href=\"http://www.hootsuite.com\" rel=\"nofollow\">Hootsuite</a>","in_reply_to_status_id":null,"in_reply_to_status_id_str":null,"in_reply_to_user_id":null,"in_reply_to_user_id_str":null,"in_reply_to_screen_name":null,"user":{"id":834370320,"id_str":"834370320","name":"Positive Vibes","screen_name":"Positivevibe101","location":"Worldwide","description":"Positive vibes || original Account|| Retweets and promos: TheTwitterEmpire@outlook.com ll","url":null,"entities":{"description":{"urls":[]}},"protected":false,"followers_count":504752,"friends_count":151,"listed_count":1927,"created_at":"Wed Sep 19 23:57:52 +0000 2012","favourites_count":5,"utc_offset":-18000,"time_zone":"Eastern Time (US & Canada)","geo_enabled":false,"verified":false,"statuses_count":13386,"lang":"en","contributors_enabled":false,"is_translator":false,"is_translation_enabled":false,"profile_background_color":"FAF9F7","profile_background_image_url":"http://pbs.twimg.com/profile_background_images/854198962/89d3542d36f61bd80a8d6468fd7b3ddd.jpeg","profile_background_image_url_https":"https://pbs.twimg.com/profile_background_images/854198962/89d3542d36f61bd80a8d6468fd7b3ddd.jpeg","profile_background_tile":true,"profile_image_url":"http://pbs.twimg.com/profile_images/674687016043442176/QLuOUa2h_normal.jpg","profile_image_url_https":"https://pbs.twimg.com/profile_images/674687016043442176/QLuOUa2h_normal.jpg","profile_banner_url":"https://pbs.twimg.com/profile_banners/834370320/1459944436","profile_link_color":"3B94D9","profile_sidebar_border_color":"000000","profile_sidebar_fill_color":"F3F3F3","profile_text_color":"333333","profile_use_background_image":true,"has_extended_profile":false,"default_profile":false,"default_profile_image":false,"following":false,"follow_request_sent":false,"notifications":false,"translator_type":"none"},"geo":null,"coordinates":null,"place":null,"contributors":null,"is_quote_status":false,"retweet_count":1479,"favorite_count":2063,"favorited":false,"retweeted":false,"lang":"en"},"is_quote_status":false,"retweet_count":1479,"favorite_count":0,"favorited":false,"retweeted":false,"lang":"en"},{"created_at":"Thu Mar 02 04:14:01 +0000 2017","id":837153998792708100,"id_str":"837153998792708096","text":"RT @mimi_winston: A nigga ain't gone leave what he know he ain't gone find again.","truncated":false,"entities":{"hashtags":[],"symbols":[],"user_mentions":[{"screen_name":"mimi_winston","name":"Yung Mimi","id":531946902,"id_str":"531946902","indices":[3,16]}],"urls":[]},"metadata":{"iso_language_code":"en","result_type":"recent"},"source":"<a href=\"http://twitter.com/download/iphone\" rel=\"nofollow\">Twitter for iPhone</a>","in_reply_to_status_id":null,"in_reply_to_status_id_str":null,"in_reply_to_user_id":null,"in_reply_to_user_id_str":null,"in_reply_to_screen_name":null,"user":{"id":750019202157772800,"id_str":"750019202157772800","name":"lilslay","screen_name":"_chyannelikins","location":"Clarksville, TN","description":"rip drose","url":null,"entities":{"description":{"urls":[]}},"protected":false,"followers_count":237,"friends_count":198,"listed_count":0,"created_at":"Mon Jul 04 17:31:27 +0000 2016","favourites_count":316,"utc_offset":null,"time_zone":null,"geo_enabled":false,"verified":false,"statuses_count":1207,"lang":"en","contributors_enabled":false,"is_translator":false,"is_translation_enabled":false,"profile_background_color":"F5F8FA","profile_background_image_url":null,"profile_background_image_url_https":null,"profile_background_tile":false,"profile_image_url":"http://pbs.twimg.com/profile_images/833368786237534208/kbfIbMWf_normal.jpg","profile_image_url_https":"https://pbs.twimg.com/profile_images/833368786237534208/kbfIbMWf_normal.jpg","profile_banner_url":"https://pbs.twimg.com/profile_banners/750019202157772800/1487525597","profile_link_color":"1DA1F2","profile_sidebar_border_color":"C0DEED","profile_sidebar_fill_color":"DDEEF6","profile_text_color":"333333","profile_use_background_image":true,"has_extended_profile":false,"default_profile":true,"default_profile_image":false,"following":false,"follow_request_sent":false,"notifications":false,"translator_type":"none"},"geo":null,"coordinates":null,"place":null,"contributors":null,"retweeted_status":{"created_at":"Wed Mar 01 04:48:12 +0000 2017","id":836800213402669000,"id_str":"836800213402669061","text":"A nigga ain't gone leave what he know he ain't gone find again.","truncated":false,"entities":{"hashtags":[],"symbols":[],"user_mentions":[],"urls":[]},"metadata":{"iso_language_code":"en","result_type":"recent"},"source":"<a href=\"http://twitter.com/download/android\" rel=\"nofollow\">Twitter for Android</a>","in_reply_to_status_id":null,"in_reply_to_status_id_str":null,"in_reply_to_user_id":null,"in_reply_to_user_id_str":null,"in_reply_to_screen_name":null,"user":{"id":531946902,"id_str":"531946902","name":"Yung Mimi","screen_name":"mimi_winston","location":"your local city","description":"💸🔞✈✨","url":"https://t.co/990q7Opv1s","entities":{"url":{"urls":[{"url":"https://t.co/990q7Opv1s","expanded_url":"https://www.twitter.com","display_url":"twitter.com","indices":[0,23]}]},"description":{"urls":[]}},"protected":false,"followers_count":2116,"friends_count":1689,"listed_count":1,"created_at":"Wed Mar 21 02:44:58 +0000 2012","favourites_count":4512,"utc_offset":-18000,"time_zone":"Eastern Time (US & Canada)","geo_enabled":true,"verified":false,"statuses_count":24538,"lang":"en","contributors_enabled":false,"is_translator":false,"is_translation_enabled":false,"profile_background_color":"B3DE18","profile_background_image_url":"http://pbs.twimg.com/profile_background_images/627006190/xcdy4zn5vx147rmqrmwc.jpeg","profile_background_image_url_https":"https://pbs.twimg.com/profile_background_images/627006190/xcdy4zn5vx147rmqrmwc.jpeg","profile_background_tile":true,"profile_image_url":"http://pbs.twimg.com/profile_images/832099443931545600/ueZBZa0i_normal.jpg","profile_image_url_https":"https://pbs.twimg.com/profile_images/832099443931545600/ueZBZa0i_normal.jpg","profile_banner_url":"https://pbs.twimg.com/profile_banners/531946902/1487636687","profile_link_color":"EB9A01","profile_sidebar_border_color":"C70189","profile_sidebar_fill_color":"EC0E7D","profile_text_color":"F84F25","profile_use_background_image":true,"has_extended_profile":true,"default_profile":false,"default_profile_image":false,"following":false,"follow_request_sent":false,"notifications":false,"translator_type":"none"},"geo":null,"coordinates":null,"place":null,"contributors":null,"is_quote_status":false,"retweet_count":3,"favorite_count":3,"favorited":false,"retweeted":false,"lang":"en"},"is_quote_status":false,"retweet_count":3,"favorite_count":0,"favorited":false,"retweeted":false,"lang":"en"},{"created_at":"Thu Mar 02 04:14:01 +0000 2017","id":837153998398369800,"id_str":"837153998398369792","text":"My twitter family:\nParents: @Luuu_soga @justsanzi\nS.O: @blakescabio\nChildren: [...]\n\nFind yours at https://t.co/DTCJvxCMlB","truncated":false,"entities":{"hashtags":[],"symbols":[],"user_mentions":[{"screen_name":"Luuu_soga","name":"lucía","id":1323340860,"id_str":"1323340860","indices":[28,38]},{"screen_name":"justsanzi","name":"cande 💙 🍳","id":4825073991,"id_str":"4825073991","indices":[39,49]},{"screen_name":"blakescabio","name":"luser💙","id":4777137328,"id_str":"4777137328","indices":[55,67]}],"urls":[{"url":"https://t.co/DTCJvxCMlB","expanded_url":"http://roundyearfun.com/twitterfamily","display_url":"roundyearfun.com/twitterfamily","indices":[99,122]}]},"metadata":{"iso_language_code":"en","result_type":"recent"},"source":"<a href=\"http://roundyearfun.com/twitterfamily\" rel=\"nofollow\">My FamiIy Tree</a>","in_reply_to_status_id":null,"in_reply_to_status_id_str":null,"in_reply_to_user_id":null,"in_reply_to_user_id_str":null,"in_reply_to_screen_name":null,"user":{"id":388518944,"id_str":"388518944","name":"luser💙🎪","screen_name":"sunshinebondar","location":"mb follow {08/02}","description":"hacer reír y pensar. 'no llores hermosa, así salimos bien en la foto' 'gracias a vos'","url":null,"entities":{"description":{"urls":[]}},"protected":false,"followers_count":1465,"friends_count":238,"listed_count":9,"created_at":"Mon Oct 10 21:48:53 +0000 2011","favourites_count":30992,"utc_offset":-10800,"time_zone":"Brasilia","geo_enabled":true,"verified":false,"statuses_count":48073,"lang":"es","contributors_enabled":false,"is_translator":false,"is_translation_enabled":false,"profile_background_color":"642D8B","profile_background_image_url":"http://pbs.twimg.com/profile_background_images/547566590141554689/nq03b4b-.jpeg","profile_background_image_url_https":"https://pbs.twimg.com/profile_background_images/547566590141554689/nq03b4b-.jpeg","profile_background_tile":true,"profile_image_url":"http://pbs.twimg.com/profile_images/836733769499422720/Ih7W_jzL_normal.jpg","profile_image_url_https":"https://pbs.twimg.com/profile_images/836733769499422720/Ih7W_jzL_normal.jpg","profile_banner_url":"https://pbs.twimg.com/profile_banners/388518944/1488327806","profile_link_color":"981CEB","profile_sidebar_border_color":"FFFFFF","profile_sidebar_fill_color":"7AC3EE","profile_text_color":"3D1957","profile_use_background_image":true,"has_extended_profile":true,"default_profile":false,"default_profile_image":false,"following":false,"follow_request_sent":false,"notifications":false,"translator_type":"regular"},"geo":null,"coordinates":null,"place":null,"contributors":null,"is_quote_status":false,"retweet_count":0,"favorite_count":0,"favorited":false,"retweeted":false,"possibly_sensitive":false,"lang":"en"},{"created_at":"Thu Mar 02 04:14:01 +0000 2017","id":837153997593194500,"id_str":"837153997593194496","text":"I find myself watching M.A.S.H. reruns recently. TV used to be worthy of watching.","truncated":false,"entities":{"hashtags":[],"symbols":[],"user_mentions":[],"urls":[]},"metadata":{"iso_language_code":"en","result_type":"recent"},"source":"<a href=\"http://twitter.com\" rel=\"nofollow\">Twitter Web Client</a>","in_reply_to_status_id":null,"in_reply_to_status_id_str":null,"in_reply_to_user_id":null,"in_reply_to_user_id_str":null,"in_reply_to_screen_name":null,"user":{"id":15300712,"id_str":"15300712","name":"chopperbrian","screen_name":"chopperbrian","location":"Burleson, Texas","description":"Husband. Father. Motorcyclist. Computer Guy. Gold Miner. Always on the lookout for the next adventure.","url":"http://t.co/sEsyi7DCeW","entities":{"url":{"urls":[{"url":"http://t.co/sEsyi7DCeW","expanded_url":"http://www.orange-hat.com/brian","display_url":"orange-hat.com/brian","indices":[0,22]}]},"description":{"urls":[]}},"protected":false,"followers_count":435,"friends_count":1975,"listed_count":11,"created_at":"Wed Jul 02 19:00:49 +0000 2008","favourites_count":11,"utc_offset":-21600,"time_zone":"Central Time (US & Canada)","geo_enabled":false,"verified":false,"statuses_count":2737,"lang":"en","contributors_enabled":false,"is_translator":false,"is_translation_enabled":false,"profile_background_color":"1A1B1F","profile_background_image_url":"http://abs.twimg.com/images/themes/theme9/bg.gif","profile_background_image_url_https":"https://abs.twimg.com/images/themes/theme9/bg.gif","profile_background_tile":false,"profile_image_url":"http://pbs.twimg.com/profile_images/418899699064524801/nK5t5C7V_normal.jpeg","profile_image_url_https":"https://pbs.twimg.com/profile_images/418899699064524801/nK5t5C7V_normal.jpeg","profile_banner_url":"https://pbs.twimg.com/profile_banners/15300712/1468955260","profile_link_color":"2FC2EF","profile_sidebar_border_color":"181A1E","profile_sidebar_fill_color":"252429","profile_text_color":"666666","profile_use_background_image":true,"has_extended_profile":true,"default_profile":false,"default_profile_image":false,"following":false,"follow_request_sent":false,"notifications":false,"translator_type":"none"},"geo":null,"coordinates":null,"place":null,"contributors":null,"is_quote_status":false,"retweet_count":0,"favorite_count":0,"favorited":false,"retweeted":false,"lang":"en"},{"created_at":"Thu Mar 02 04:14:01 +0000 2017","id":837153997362450400,"id_str":"837153997362450432","text":"RT @Kingpaul__: When your girlfriend lurks on yourpage but doesn't find anything so she starts an argument for no reason https://t.co/AcwbY…","truncated":false,"entities":{"hashtags":[],"symbols":[],"user_mentions":[{"screen_name":"Kingpaul__","name":"Fine Boy Few Pimples","id":322956789,"id_str":"322956789","indices":[3,14]}],"urls":[]},"metadata":{"iso_language_code":"en","result_type":"recent"},"source":"<a href=\"http://twitter.com/download/iphone\" rel=\"nofollow\">Twitter for iPhone</a>","in_reply_to_status_id":null,"in_reply_to_status_id_str":null,"in_reply_to_user_id":null,"in_reply_to_user_id_str":null,"in_reply_to_screen_name":null,"user":{"id":3065285626,"id_str":"3065285626","name":"E4J❤","screen_name":"datssssstootie","location":"","description":"forever & always von 👼🏽❤","url":null,"entities":{"description":{"urls":[]}},"protected":false,"followers_count":341,"friends_count":255,"listed_count":0,"created_at":"Sun Mar 01 07:00:12 +0000 2015","favourites_count":3505,"utc_offset":null,"time_zone":null,"geo_enabled":true,"verified":false,"statuses_count":12807,"lang":"en","contributors_enabled":false,"is_translator":false,"is_translation_enabled":false,"profile_background_color":"C0DEED","profile_background_image_url":"http://abs.twimg.com/images/themes/theme1/bg.png","profile_background_image_url_https":"https://abs.twimg.com/images/themes/theme1/bg.png","profile_background_tile":false,"profile_image_url":"http://pbs.twimg.com/profile_images/836779676194521088/Lmd-Pj9e_normal.jpg","profile_image_url_https":"https://pbs.twimg.com/profile_images/836779676194521088/Lmd-Pj9e_normal.jpg","profile_link_color":"1DA1F2","profile_sidebar_border_color":"C0DEED","profile_sidebar_fill_color":"DDEEF6","profile_text_color":"333333","profile_use_background_image":true,"has_extended_profile":true,"default_profile":true,"default_profile_image":false,"following":false,"follow_request_sent":false,"notifications":false,"translator_type":"none"},"geo":null,"coordinates":null,"place":null,"contributors":null,"retweeted_status":{"created_at":"Tue Feb 28 00:59:58 +0000 2017","id":836380389627334700,"id_str":"836380389627334656","text":"When your girlfriend lurks on yourpage but doesn't find anything so she starts an argument for no reason https://t.co/AcwbYJzf3t","truncated":false,"entities":{"hashtags":[],"symbols":[],"user_mentions":[],"urls":[],"media":[{"id":836380243879465000,"id_str":"836380243879464962","indices":[105,128],"media_url":"http://pbs.twimg.com/ext_tw_video_thumb/836380243879464962/pu/img/epu4rUK9DZji_pTU.jpg","media_url_https":"https://pbs.twimg.com/ext_tw_video_thumb/836380243879464962/pu/img/epu4rUK9DZji_pTU.jpg","url":"https://t.co/AcwbYJzf3t","display_url":"pic.twitter.com/AcwbYJzf3t","expanded_url":"https://twitter.com/Kingpaul__/status/836380389627334656/video/1","type":"photo","sizes":{"small":{"w":340,"h":191,"resize":"fit"},"thumb":{"w":150,"h":150,"resize":"crop"},"medium":{"w":600,"h":338,"resize":"fit"},"large":{"w":1024,"h":576,"resize":"fit"}}}]},"extended_entities":{"media":[{"id":836380243879465000,"id_str":"836380243879464962","indices":[105,128],"media_url":"http://pbs.twimg.com/ext_tw_video_thumb/836380243879464962/pu/img/epu4rUK9DZji_pTU.jpg","media_url_https":"https://pbs.twimg.com/ext_tw_video_thumb/836380243879464962/pu/img/epu4rUK9DZji_pTU.jpg","url":"https://t.co/AcwbYJzf3t","display_url":"pic.twitter.com/AcwbYJzf3t","expanded_url":"https://twitter.com/Kingpaul__/status/836380389627334656/video/1","type":"video","sizes":{"small":{"w":340,"h":191,"resize":"fit"},"thumb":{"w":150,"h":150,"resize":"crop"},"medium":{"w":600,"h":338,"resize":"fit"},"large":{"w":1024,"h":576,"resize":"fit"}},"video_info":{"aspect_ratio":[16,9],"duration_millis":75800,"variants":[{"content_type":"application/x-mpegURL","url":"https://video.twimg.com/ext_tw_video/836380243879464962/pu/pl/JxQ_DNZdaMiFkb4k.m3u8"},{"content_type":"application/dash+xml","url":"https://video.twimg.com/ext_tw_video/836380243879464962/pu/pl/JxQ_DNZdaMiFkb4k.mpd"},{"bitrate":2176000,"content_type":"video/mp4","url":"https://video.twimg.com/ext_tw_video/836380243879464962/pu/vid/1280x720/KyKj_-FaVFz8m3hn.mp4"},{"bitrate":832000,"content_type":"video/mp4","url":"https://video.twimg.com/ext_tw_video/836380243879464962/pu/vid/640x360/tUGpcxMHBHgv7vXw.mp4"},{"bitrate":320000,"content_type":"video/mp4","url":"https://video.twimg.com/ext_tw_video/836380243879464962/pu/vid/320x180/swiD6UwuDm_4h1fr.mp4"}]},"additional_media_info":{"monetizable":false}}]},"metadata":{"iso_language_code":"en","result_type":"recent"},"source":"<a href=\"http://twitter.com/download/iphone\" rel=\"nofollow\">Twitter for iPhone</a>","in_reply_to_status_id":null,"in_reply_to_status_id_str":null,"in_reply_to_user_id":null,"in_reply_to_user_id_str":null,"in_reply_to_screen_name":null,"user":{"id":322956789,"id_str":"322956789","name":"Fine Boy Few Pimples","screen_name":"Kingpaul__","location":"Check out my new video below!","description":"Too akata for the Africans. Too African for the akatas | For bookings or other business inquiries email me at P.Owe98@Yahoo.Com","url":"https://t.co/41hi4SsRmv","entities":{"url":{"urls":[{"url":"https://t.co/41hi4SsRmv","expanded_url":"https://youtu.be/jwN_NuOcl4Y","display_url":"youtu.be/jwN_NuOcl4Y","indices":[0,23]}]},"description":{"urls":[]}},"protected":false,"followers_count":60278,"friends_count":934,"listed_count":75,"created_at":"Fri Jun 24 01:07:23 +0000 2011","favourites_count":29306,"utc_offset":-14400,"time_zone":"Atlantic Time (Canada)","geo_enabled":true,"verified":false,"statuses_count":73034,"lang":"en","contributors_enabled":false,"is_translator":false,"is_translation_enabled":false,"profile_background_color":"131516","profile_background_image_url":"http://pbs.twimg.com/profile_background_images/580849740629155840/3bKYseLq.jpg","profile_background_image_url_https":"https://pbs.twimg.com/profile_background_images/580849740629155840/3bKYseLq.jpg","profile_background_tile":true,"profile_image_url":"http://pbs.twimg.com/profile_images/834979367520468992/Foof2tj__normal.jpg","profile_image_url_https":"https://pbs.twimg.com/profile_images/834979367520468992/Foof2tj__normal.jpg","profile_banner_url":"https://pbs.twimg.com/profile_banners/322956789/1485034974","profile_link_color":"009999","profile_sidebar_border_color":"FFFFFF","profile_sidebar_fill_color":"EFEFEF","profile_text_color":"333333","profile_use_background_image":true,"has_extended_profile":true,"default_profile":false,"default_profile_image":false,"following":false,"follow_request_sent":false,"notifications":false,"translator_type":"none"},"geo":null,"coordinates":null,"place":null,"contributors":null,"is_quote_status":false,"retweet_count":643,"favorite_count":910,"favorited":false,"retweeted":false,"possibly_sensitive":false,"lang":"en"},"is_quote_status":false,"retweet_count":643,"favorite_count":0,"favorited":false,"retweeted":false,"lang":"en"},{"created_at":"Thu Mar 02 04:14:01 +0000 2017","id":837153996884205600,"id_str":"837153996884205568","text":"RT @tempteststorm2: @CORTHEDEMOCRATS @rickbkylex @tempteststorm2 I have been in that circumstance and your remarks I find despicable. Apolo…","truncated":false,"entities":{"hashtags":[],"symbols":[],"user_mentions":[{"screen_name":"tempteststorm2","name":"Tempest Storm","id":805894538032070700,"id_str":"805894538032070656","indices":[3,18]},{"screen_name":"CORTHEDEMOCRATS","name":"00110000","id":833705842260209700,"id_str":"833705842260209664","indices":[20,36]},{"screen_name":"rickbkylex","name":"Rick Baker","id":4180352153,"id_str":"4180352153","indices":[37,48]},{"screen_name":"tempteststorm2","name":"Tempest Storm","id":805894538032070700,"id_str":"805894538032070656","indices":[49,64]}],"urls":[]},"metadata":{"iso_language_code":"en","result_type":"recent"},"source":"<a href=\"http://twitter.com\" rel=\"nofollow\">Twitter Web Client</a>","in_reply_to_status_id":null,"in_reply_to_status_id_str":null,"in_reply_to_user_id":null,"in_reply_to_user_id_str":null,"in_reply_to_screen_name":null,"user":{"id":823571457649184800,"id_str":"823571457649184768","name":"MsRotti","screen_name":"MsRotti","location":"","description":"Trump is My President.  My Tweets speak for themselves. I will not play a Race Card Game with you,so don't even try it!  Red, White & Blue runs thru my veins","url":null,"entities":{"description":{"urls":[]}},"protected":false,"followers_count":404,"friends_count":395,"listed_count":2,"created_at":"Mon Jan 23 16:41:51 +0000 2017","favourites_count":5008,"utc_offset":-28800,"time_zone":"Pacific Time (US & Canada)","geo_enabled":false,"verified":false,"statuses_count":6026,"lang":"en","contributors_enabled":false,"is_translator":false,"is_translation_enabled":false,"profile_background_color":"000000","profile_background_image_url":"http://abs.twimg.com/images/themes/theme1/bg.png","profile_background_image_url_https":"https://abs.twimg.com/images/themes/theme1/bg.png","profile_background_tile":false,"profile_image_url":"http://pbs.twimg.com/profile_images/836365087510167552/HF8VIMP-_normal.jpg","profile_image_url_https":"https://pbs.twimg.com/profile_images/836365087510167552/HF8VIMP-_normal.jpg","profile_link_color":"981CEB","profile_sidebar_border_color":"000000","profile_sidebar_fill_color":"000000","profile_text_color":"000000","profile_use_background_image":false,"has_extended_profile":false,"default_profile":false,"default_profile_image":false,"following":false,"follow_request_sent":false,"notifications":false,"translator_type":"none"},"geo":null,"coordinates":null,"place":null,"contributors":null,"retweeted_status":{"created_at":"Wed Mar 01 04:27:16 +0000 2017","id":836794943205040100,"id_str":"836794943205040128","text":"@CORTHEDEMOCRATS @rickbkylex @tempteststorm2 I have been in that circumstance and your remarks I find despicable. Apology not accepted.","truncated":false,"entities":{"hashtags":[],"symbols":[],"user_mentions":[{"screen_name":"CORTHEDEMOCRATS","name":"00110000","id":833705842260209700,"id_str":"833705842260209664","indices":[0,16]},{"screen_name":"rickbkylex","name":"Rick Baker","id":4180352153,"id_str":"4180352153","indices":[17,28]},{"screen_name":"tempteststorm2","name":"Tempest Storm","id":805894538032070700,"id_str":"805894538032070656","indices":[29,44]}],"urls":[]},"metadata":{"iso_language_code":"en","result_type":"recent"},"source":"<a href=\"http://twitter.com/#!/download/ipad\" rel=\"nofollow\">Twitter for iPad</a>","in_reply_to_status_id":836790189192319000,"in_reply_to_status_id_str":"836790189192318977","in_reply_to_user_id":833705842260209700,"in_reply_to_user_id_str":"833705842260209664","in_reply_to_screen_name":"CORTHEDEMOCRATS","user":{"id":805894538032070700,"id_str":"805894538032070656","name":"Tempest Storm","screen_name":"tempteststorm2","location":"Kalispell, MT","description":"Evangelical Conservative Military Family Marines, Army, Navy with faith in God, Country, US Military, Family and 2nd Amendment. God Bless America","url":null,"entities":{"description":{"urls":[]}},"protected":false,"followers_count":577,"friends_count":596,"listed_count":27,"created_at":"Mon Dec 05 22:00:05 +0000 2016","favourites_count":6320,"utc_offset":null,"time_zone":null,"geo_enabled":false,"verified":false,"statuses_count":12444,"lang":"en","contributors_enabled":false,"is_translator":false,"is_translation_enabled":false,"profile_background_color":"F5F8FA","profile_background_image_url":null,"profile_background_image_url_https":null,"profile_background_tile":false,"profile_image_url":"http://pbs.twimg.com/profile_images/833819740267114496/yWtKTVYu_normal.jpg","profile_image_url_https":"https://pbs.twimg.com/profile_images/833819740267114496/yWtKTVYu_normal.jpg","profile_link_color":"1DA1F2","profile_sidebar_border_color":"C0DEED","profile_sidebar_fill_color":"DDEEF6","profile_text_color":"333333","profile_use_background_image":true,"has_extended_profile":true,"default_profile":true,"default_profile_image":false,"following":false,"follow_request_sent":false,"notifications":false,"translator_type":"none"},"geo":null,"coordinates":null,"place":null,"contributors":null,"is_quote_status":false,"retweet_count":2,"favorite_count":9,"favorited":false,"retweeted":false,"lang":"en"},"is_quote_status":false,"retweet_count":2,"favorite_count":0,"favorited":false,"retweeted":false,"lang":"en"}]