[{"created_at":"Thu Mar 02 02:28:42 +0000 2017","id":837127494524371000,"id_str":"837127494524370944","text":"~mood: would rather be sipping rosé in San Diego~ https://t.co/2O3sTblEsC","truncated":false,"entities":{"hashtags":[],"symbols":[],"user_mentions":[],"urls":[],"media":[{"id":837041064565362700,"id_str":"837041064565362688","indices":[50,73],"media_url":"http://pbs.twimg.com/media/C53EadPVUAAFvuV.jpg","media_url_https":"https://pbs.twimg.com/media/C53EadPVUAAFvuV.jpg","url":"https://t.co/2O3sTblEsC","display_url":"pic.twitter.com/2O3sTblEsC","expanded_url":"https://twitter.com/codeshanaynay/status/837127494524370944/photo/1","type":"photo","sizes":{"medium":{"w":946,"h":1200,"resize":"fit"},"thumb":{"w":150,"h":150,"resize":"crop"},"large":{"w":1413,"h":1792,"resize":"fit"},"small":{"w":536,"h":680,"resize":"fit"}}}]},"extended_entities":{"media":[{"id":837041064565362700,"id_str":"837041064565362688","indices":[50,73],"media_url":"http://pbs.twimg.com/media/C53EadPVUAAFvuV.jpg","media_url_https":"https://pbs.twimg.com/media/C53EadPVUAAFvuV.jpg","url":"https://t.co/2O3sTblEsC","display_url":"pic.twitter.com/2O3sTblEsC","expanded_url":"https://twitter.com/codeshanaynay/status/837127494524370944/photo/1","type":"photo","sizes":{"medium":{"w":946,"h":1200,"resize":"fit"},"thumb":{"w":150,"h":150,"resize":"crop"},"large":{"w":1413,"h":1792,"resize":"fit"},"small":{"w":536,"h":680,"resize":"fit"}}}]},"metadata":{"iso_language_code":"en","result_type":"recent"},"source":"<a href=\"http://twitter.com/download/iphone\" rel=\"nofollow\">Twitter for iPhone</a>","in_reply_to_status_id":null,"in_reply_to_status_id_str":null,"in_reply_to_user_id":null,"in_reply_to_user_id_str":null,"in_reply_to_screen_name":null,"user":{"id":339999122,"id_str":"339999122","name":"Shannon Code","screen_name":"codeshanaynay","location":"Toronto","description":"Legal marketer (what?) by day, Senior Reviewer on @Tripadvisor by night. Top knot advocate. Book nerd. Bachelor superfan. Tweets are mostly annoying","url":null,"entities":{"description":{"urls":[]}},"protected":false,"followers_count":357,"friends_count":535,"listed_count":8,"created_at":"Fri Jul 22 00:22:20 +0000 2011","favourites_count":117,"utc_offset":-21600,"time_zone":"Central Time (US & Canada)","geo_enabled":true,"verified":false,"statuses_count":1537,"lang":"en","contributors_enabled":false,"is_translator":false,"is_translation_enabled":false,"profile_background_color":"1A1B1F","profile_background_image_url":"http://pbs.twimg.com/profile_background_images/743825992/d8a9aee4e2168d05fd32a2efa36a612c.jpeg","profile_background_image_url_https":"https://pbs.twimg.com/profile_background_images/743825992/d8a9aee4e2168d05fd32a2efa36a612c.jpeg","profile_background_tile":false,"profile_image_url":"http://pbs.twimg.com/profile_images/823642405291356160/LxJSrdCH_normal.jpg","profile_image_url_https":"https://pbs.twimg.com/profile_images/823642405291356160/LxJSrdCH_normal.jpg","profile_banner_url":"https://pbs.twimg.com/profile_banners/339999122/1483983006","profile_link_color":"ABB8C2","profile_sidebar_border_color":"000000","profile_sidebar_fill_color":"080808","profile_text_color":"FAFAF2","profile_use_background_image":false,"has_extended_profile":false,"default_profile":false,"default_profile_image":false,"following":false,"follow_request_sent":false,"notifications":false,"translator_type":"none"},"geo":null,"coordinates":null,"place":null,"contributors":null,"is_quote_status":false,"retweet_count":0,"favorite_count":0,"favorited":false,"retweeted":false,"possibly_sensitive":false,"lang":"en"},{"created_at":"Thu Mar 02 02:28:39 +0000 2017","id":837127482436247600,"id_str":"837127482436247553","text":"RT @escaparate_oax: Oaxaca entre los estados q desairan la Ley Anticorrupción.Cómo no va a ser así,en Oaxaca la impulsa Eva Diego,exponente…","truncated":false,"entities":{"hashtags":[],"symbols":[],"user_mentions":[{"screen_name":"escaparate_oax","name":"@Escaparatepolitico","id":499103116,"id_str":"499103116","indices":[3,18]}],"urls":[]},"metadata":{"iso_language_code":"es","result_type":"recent"},"source":"<a href=\"http://twitter.com/download/iphone\" rel=\"nofollow\">Twitter for iPhone</a>","in_reply_to_status_id":null,"in_reply_to_status_id_str":null,"in_reply_to_user_id":null,"in_reply_to_user_id_str":null,"in_reply_to_screen_name":null,"user":{"id":742356027912245200,"id_str":"742356027912245248","name":"Verdad_oaxaca","screen_name":"oaxaca_verdad","location":"","description":"la verdad no se busca, ella te encuentra. #Oaxaca// De oficio mesero, y tuitero por pasión.","url":null,"entities":{"description":{"urls":[]}},"protected":false,"followers_count":345,"friends_count":438,"listed_count":1,"created_at":"Mon Jun 13 14:00:44 +0000 2016","favourites_count":34,"utc_offset":null,"time_zone":null,"geo_enabled":false,"verified":false,"statuses_count":2362,"lang":"en","contributors_enabled":false,"is_translator":false,"is_translation_enabled":false,"profile_background_color":"F5F8FA","profile_background_image_url":null,"profile_background_image_url_https":null,"profile_background_tile":false,"profile_image_url":"http://pbs.twimg.com/profile_images/742356605170155521/xiJLLEDV_normal.jpg","profile_image_url_https":"https://pbs.twimg.com/profile_images/742356605170155521/xiJLLEDV_normal.jpg","profile_banner_url":"https://pbs.twimg.com/profile_banners/742356027912245248/1465921423","profile_link_color":"1DA1F2","profile_sidebar_border_color":"C0DEED","profile_sidebar_fill_color":"DDEEF6","profile_text_color":"333333","profile_use_background_image":true,"has_extended_profile":false,"default_profile":true,"default_profile_image":false,"following":false,"follow_request_sent":false,"notifications":false,"translator_type":"none"},"geo":null,"coordinates":null,"place":null,"contributors":null,"retweeted_status":{"created_at":"Wed Mar 01 21:11:51 +0000 2017","id":837047758393487400,"id_str":"837047758393487360","text":"Oaxaca entre los estados q desairan la Ley Anticorrupción.Cómo no va a ser así,en Oaxaca la impulsa Eva Diego,exponente colosal d este vicio","truncated":false,"entities":{"hashtags":[],"symbols":[],"user_mentions":[],"urls":[]},"metadata":{"iso_language_code":"es","result_type":"recent"},"source":"<a href=\"http://twitter.com\" rel=\"nofollow\">Twitter Web Client</a>","in_reply_to_status_id":null,"in_reply_to_status_id_str":null,"in_reply_to_user_id":null,"in_reply_to_user_id_str":null,"in_reply_to_screen_name":null,"user":{"id":499103116,"id_str":"499103116","name":"@Escaparatepolitico","screen_name":"escaparate_oax","location":"México, Oaxaca","description":"Felipe SÁNCHEZ: Autor de Escaparate Político desde 1977. Premio Estatal de Periodismo. Premio México de Periodismo. El Quijote de plata de EL IMPARCIAL","url":"http://t.co/T9EQ153bjU","entities":{"url":{"urls":[{"url":"http://t.co/T9EQ153bjU","expanded_url":"http://www.escaparatepolitico.com/","display_url":"escaparatepolitico.com","indices":[0,22]}]},"description":{"urls":[]}},"protected":false,"followers_count":13332,"friends_count":1780,"listed_count":67,"created_at":"Tue Feb 21 19:40:00 +0000 2012","favourites_count":175,"utc_offset":-21600,"time_zone":"Central Time (US & Canada)","geo_enabled":true,"verified":false,"statuses_count":39749,"lang":"es","contributors_enabled":false,"is_translator":false,"is_translation_enabled":false,"profile_background_color":"709397","profile_background_image_url":"http://abs.twimg.com/images/themes/theme6/bg.gif","profile_background_image_url_https":"https://abs.twimg.com/images/themes/theme6/bg.gif","profile_background_tile":false,"profile_image_url":"http://pbs.twimg.com/profile_images/1923746931/ojo_escaparate_normal.jpg","profile_image_url_https":"https://pbs.twimg.com/profile_images/1923746931/ojo_escaparate_normal.jpg","profile_banner_url":"https://pbs.twimg.com/profile_banners/499103116/1398281448","profile_link_color":"1C7DC7","profile_sidebar_border_color":"FFFFFF","profile_sidebar_fill_color":"A0C5C7","profile_text_color":"333333","profile_use_background_image":true,"has_extended_profile":false,"default_profile":false,"default_profile_image":false,"following":false,"follow_request_sent":false,"notifications":false,"translator_type":"none"},"geo":null,"coordinates":null,"place":null,"contributors":null,"is_quote_status":false,"retweet_count":13,"favorite_count":3,"favorited":false,"retweeted":false,"lang":"es"},"is_quote_status":false,"retweet_count":13,"favorite_count":0,"favorited":false,"retweeted":false,"lang":"es"},{"created_at":"Thu Mar 02 02:28:39 +0000 2017","id":837127481677140000,"id_str":"837127481677139969","text":"As someone who is from San Diego and now lives in LA, this article is my everything. Also confirms they don't reall… https://t.co/MKyj05TSz0","truncated":true,"entities":{"hashtags":[],"symbols":[],"user_mentions":[],"urls":[{"url":"https://t.co/MKyj05TSz0","expanded_url":"https://twitter.com/i/web/status/837127481677139969","display_url":"twitter.com/i/web/status/8…","indices":[117,140]}]},"metadata":{"iso_language_code":"en","result_type":"recent"},"source":"<a href=\"http://twitter.com\" rel=\"nofollow\">Twitter Web Client</a>","in_reply_to_status_id":null,"in_reply_to_status_id_str":null,"in_reply_to_user_id":null,"in_reply_to_user_id_str":null,"in_reply_to_screen_name":null,"user":{"id":23529070,"id_str":"23529070","name":"Brendan Mitchell","screen_name":"brenmitchell","location":"Los Angeles, CA","description":"All in all not a bad guy - if looks, brains and personality don't count.","url":"https://t.co/rqWdcHvTG8","entities":{"url":{"urls":[{"url":"https://t.co/rqWdcHvTG8","expanded_url":"http://www.brendanrmitchell.com","display_url":"brendanrmitchell.com","indices":[0,23]}]},"description":{"urls":[]}},"protected":false,"followers_count":52,"friends_count":683,"listed_count":2,"created_at":"Tue Mar 10 00:17:17 +0000 2009","favourites_count":15,"utc_offset":-28800,"time_zone":"Pacific Time (US & Canada)","geo_enabled":true,"verified":false,"statuses_count":393,"lang":"en","contributors_enabled":false,"is_translator":false,"is_translation_enabled":false,"profile_background_color":"131516","profile_background_image_url":"http://pbs.twimg.com/profile_background_images/471552150/killing-trailer-title-still-02.jpeg","profile_background_image_url_https":"https://pbs.twimg.com/profile_background_images/471552150/killing-trailer-title-still-02.jpeg","profile_background_tile":true,"profile_image_url":"http://pbs.twimg.com/profile_images/742796914018508800/50oAC6hd_normal.jpg","profile_image_url_https":"https://pbs.twimg.com/profile_images/742796914018508800/50oAC6hd_normal.jpg","profile_banner_url":"https://pbs.twimg.com/profile_banners/23529070/1429147701","profile_link_color":"3B94D9","profile_sidebar_border_color":"EEEEEE","profile_sidebar_fill_color":"EFEFEF","profile_text_color":"333333","profile_use_background_image":true,"has_extended_profile":false,"default_profile":false,"default_profile_image":false,"following":false,"follow_request_sent":false,"notifications":false,"translator_type":"none"},"geo":null,"coordinates":null,"place":null,"contributors":null,"is_quote_status":true,"quoted_status_id":837100139055579100,"quoted_status_id_str":"837100139055579136","quoted_status":{"created_at":"Thu Mar 02 00:40:00 +0000 2017","id":837100139055579100,"id_str":"837100139055579136","text":"Residents of San Diego will tell you that it’s not a burrito if it doesn’t have french fries https://t.co/XNvM9ZVy2G","truncated":false,"entities":{"hashtags":[],"symbols":[],"user_mentions":[],"urls":[{"url":"https://t.co/XNvM9ZVy2G","expanded_url":"http://therin.gr/H7uChRU","display_url":"therin.gr/H7uChRU","indices":[93,116]}]},"metadata":{"iso_language_code":"en","result_type":"recent"},"source":"<a href=\"http://www.socialflow.com\" rel=\"nofollow\">SocialFlow</a>","in_reply_to_status_id":null,"in_reply_to_status_id_str":null,"in_reply_to_user_id":null,"in_reply_to_user_id_str":null,"in_reply_to_screen_name":null,"user":{"id":4760694445,"id_str":"4760694445","name":"The Ringer","screen_name":"ringer","location":"Los Angeles, CA","description":"Sports, culture, and tech. Sign up for our newsletter: https://t.co/2nuZMCdTqa","url":"https://t.co/CIR7zszDmT","entities":{"url":{"urls":[{"url":"https://t.co/CIR7zszDmT","expanded_url":"http://theringer.com","display_url":"theringer.com","indices":[0,23]}]},"description":{"urls":[{"url":"https://t.co/2nuZMCdTqa","expanded_url":"http://eepurl.com/bP89x1","display_url":"eepurl.com/bP89x1","indices":[55,78]}]}},"protected":false,"followers_count":285901,"friends_count":95,"listed_count":2799,"created_at":"Fri Jan 15 01:30:52 +0000 2016","favourites_count":54,"utc_offset":-18000,"time_zone":"Eastern Time (US & Canada)","geo_enabled":true,"verified":true,"statuses_count":12689,"lang":"en","contributors_enabled":false,"is_translator":false,"is_translation_enabled":false,"profile_background_color":"000000","profile_background_image_url":"http://abs.twimg.com/images/themes/theme1/bg.png","profile_background_image_url_https":"https://abs.twimg.com/images/themes/theme1/bg.png","profile_background_tile":false,"profile_image_url":"http://pbs.twimg.com/profile_images/836208936973905921/9bXB9j8-_normal.jpg","profile_image_url_https":"https://pbs.twimg.com/profile_images/836208936973905921/9bXB9j8-_normal.jpg","profile_banner_url":"https://pbs.twimg.com/profile_banners/4760694445/1487655963","profile_link_color":"13B143","profile_sidebar_border_color":"000000","profile_sidebar_fill_color":"000000","profile_text_color":"000000","profile_use_background_image":false,"has_extended_profile":false,"default_profile":false,"default_profile_image":false,"following":false,"follow_request_sent":false,"notifications":false,"translator_type":"none"},"geo":null,"coordinates":null,"place":null,"contributors":null,"is_quote_status":false,"retweet_count":14,"favorite_count":36,"favorited":false,"retweeted":false,"possibly_sensitive":false,"lang":"en"},"retweet_count":0,"favorite_count":0,"favorited":false,"retweeted":false,"possibly_sensitive":false,"lang":"en"},{"created_at":"Thu Mar 02 02:28:39 +0000 2017","id":837127480678940700,"id_str":"837127480678940675","text":"Accident on 15 SB at Aero Dr #SDtraffic https://t.co/m44DG45MF1","truncated":false,"entities":{"hashtags":[{"text":"SDtraffic","indices":[29,39]}],"symbols":[],"user_mentions":[],"urls":[{"url":"https://t.co/m44DG45MF1","expanded_url":"http://bit.ly/Y31oyM","display_url":"bit.ly/Y31oyM","indices":[40,63]}]},"metadata":{"iso_language_code":"en","result_type":"recent"},"source":"<a href=\"http://www.sigalert.com/Map.asp?region=San+Diego\" rel=\"nofollow\">TTN SD traffic</a>","in_reply_to_status_id":null,"in_reply_to_status_id_str":null,"in_reply_to_user_id":null,"in_reply_to_user_id_str":null,"in_reply_to_screen_name":null,"user":{"id":249877352,"id_str":"249877352","name":"TTWN San Diego","screen_name":"TotalTrafficSD","location":"San Diego, CA","description":"Traffic Updates that are impacting your commute. Serving San Diego and surrounding areas. Got a traffic tip? Reach us 24/7 on our Tip Line at 858-467-0504","url":"http://t.co/vjOY6IDJrp","entities":{"url":{"urls":[{"url":"http://t.co/vjOY6IDJrp","expanded_url":"http://ttwnetwork.com","display_url":"ttwnetwork.com","indices":[0,22]}]},"description":{"urls":[]}},"protected":false,"followers_count":986,"friends_count":31,"listed_count":67,"created_at":"Wed Feb 09 23:46:17 +0000 2011","favourites_count":6,"utc_offset":-28800,"time_zone":"Pacific Time (US & Canada)","geo_enabled":true,"verified":false,"statuses_count":32118,"lang":"en","contributors_enabled":false,"is_translator":false,"is_translation_enabled":false,"profile_background_color":"0099B9","profile_background_image_url":"http://pbs.twimg.com/profile_background_images/704990022/ad4ca30557ab84a9ec6e625cc03b492c.jpeg","profile_background_image_url_https":"https://pbs.twimg.com/profile_background_images/704990022/ad4ca30557ab84a9ec6e625cc03b492c.jpeg","profile_background_tile":true,"profile_image_url":"http://pbs.twimg.com/profile_images/439099999696089089/US6yXLPB_normal.png","profile_image_url_https":"https://pbs.twimg.com/profile_images/439099999696089089/US6yXLPB_normal.png","profile_banner_url":"https://pbs.twimg.com/profile_banners/249877352/1407415247","profile_link_color":"0099B9","profile_sidebar_border_color":"FFFFFF","profile_sidebar_fill_color":"DDEEF6","profile_text_color":"333333","profile_use_background_image":true,"has_extended_profile":false,"default_profile":false,"default_profile_image":false,"following":false,"follow_request_sent":false,"notifications":false,"translator_type":"none"},"geo":{"type":"Point","coordinates":[32.81043,-117.1141]},"coordinates":{"type":"Point","coordinates":[-117.1141,32.81043]},"place":{"id":"a592bd6ceb1319f7","url":"https://api.twitter.com/1.1/geo/id/a592bd6ceb1319f7.json","place_type":"city","name":"San Diego","full_name":"San Diego, CA","country_code":"US","country":"United States","contained_within":[],"bounding_box":{"type":"Polygon","coordinates":[[[-117.282538,32.53962],[-116.9274403,32.53962],[-116.9274403,33.0804044],[-117.282538,33.0804044]]]},"attributes":{}},"contributors":null,"is_quote_status":false,"retweet_count":0,"favorite_count":0,"favorited":false,"retweeted":false,"possibly_sensitive":false,"lang":"en"},{"created_at":"Thu Mar 02 02:28:35 +0000 2017","id":837127467110379500,"id_str":"837127467110379520","text":"@Diego_ARamirezV sabe rico?","truncated":false,"entities":{"hashtags":[],"symbols":[],"user_mentions":[{"screen_name":"Diego_ARamirezV","name":"Diego A. Ramírez V.","id":146990355,"id_str":"146990355","indices":[0,16]}],"urls":[]},"metadata":{"iso_language_code":"es","result_type":"recent"},"source":"<a href=\"http://twitter.com/download/android\" rel=\"nofollow\">Twitter for Android</a>","in_reply_to_status_id":837118508399910900,"in_reply_to_status_id_str":"837118508399910912","in_reply_to_user_id":146990355,"in_reply_to_user_id_str":"146990355","in_reply_to_screen_name":"Diego_ARamirezV","user":{"id":2233552449,"id_str":"2233552449","name":"Catbug","screen_name":"HeartCosmicCat","location":"Miocardiopatía de Takotsubo ","description":"I'm fire, I'm death...I'm Mermaidphoenixcat TK","url":null,"entities":{"description":{"urls":[]}},"protected":false,"followers_count":886,"friends_count":247,"listed_count":102,"created_at":"Thu Dec 19 18:14:43 +0000 2013","favourites_count":18791,"utc_offset":-21600,"time_zone":"Central Time (US & Canada)","geo_enabled":true,"verified":false,"statuses_count":93642,"lang":"es","contributors_enabled":false,"is_translator":false,"is_translation_enabled":false,"profile_background_color":"1A1B1F","profile_background_image_url":"http://pbs.twimg.com/profile_background_images/561286266361102336/a8FXjoGE.jpeg","profile_background_image_url_https":"https://pbs.twimg.com/profile_background_images/561286266361102336/a8FXjoGE.jpeg","profile_background_tile":true,"profile_image_url":"http://pbs.twimg.com/profile_images/836680589432369152/meqZfCNq_normal.jpg","profile_image_url_https":"https://pbs.twimg.com/profile_images/836680589432369152/meqZfCNq_normal.jpg","profile_banner_url":"https://pbs.twimg.com/profile_banners/2233552449/1488315175","profile_link_color":"5C0A11","profile_sidebar_border_color":"FFFFFF","profile_sidebar_fill_color":"252429","profile_text_color":"666666","profile_use_background_image":true,"has_extended_profile":true,"default_profile":false,"default_profile_image":false,"following":false,"follow_request_sent":false,"notifications":false,"translator_type":"none"},"geo":null,"coordinates":null,"place":null,"contributors":null,"is_quote_status":false,"retweet_count":0,"favorite_count":0,"favorited":false,"retweeted":false,"lang":"es"}]